{
  "IcoMoonType": "selection",
  "icons": [
    {
      "icon": {
        "paths": [
          "M864 0c88.364 0 160 71.634 160 160 0 36.020-11.91 69.258-32 96l-64 64-224-224 64-64c26.742-20.090 59.978-32 96-32zM64 736l-64 288 288-64 592-592-224-224-592 592zM715.578 363.578l-448 448-55.156-55.156 448-448 55.156 55.156z"
        ],
        "attrs": [],
        "isMulticolor": false,
        "isMulticolor2": false,
        "tags": [
          "pencil",
          "write",
          "edit"
        ],
        "defaultCode": 59653,
        "grid": 16
      },
      "attrs": [],
      "properties": {
        "ligatures": "pencil, write",
        "name": "pencil",
        "id": 5,
        "order": 64,
        "prevSize": 32,
        "code": 59653
      },
      "setIdx": 0,
      "setId": 6,
      "iconIdx": 5
    },
    {
      "icon": {
        "paths": [
          "M384 640l128-64 448-448-64-64-448 448-64 128zM289.3 867.098c-31.632-66.728-65.666-100.762-132.396-132.394l99.096-272.792 128-77.912 384-384h-192l-384 384-192 640 640-192 384-384v-192l-384 384-77.912 128z"
        ],
        "attrs": [],
        "isMulticolor": false,
        "isMulticolor2": false,
        "tags": [
          "pencil",
          "write",
          "edit"
        ],
        "defaultCode": 59654,
        "grid": 16
      },
      "attrs": [],
      "properties": {
        "ligatures": "pencil2, write2",
        "name": "pencil22",
        "id": 6,
        "order": 118,
        "prevSize": 32,
        "code": 59658
      },
      "setIdx": 0,
      "setId": 6,
      "iconIdx": 6
    },
    {
      "icon": {
        "paths": [
          "M304 608c0 114.876 93.124 208 208 208s208-93.124 208-208-93.124-208-208-208-208 93.124-208 208zM960 256h-224c-16-64-32-128-96-128h-256c-64 0-80 64-96 128h-224c-35.2 0-64 28.8-64 64v576c0 35.2 28.8 64 64 64h896c35.2 0 64-28.8 64-64v-576c0-35.2-28.8-64-64-64zM512 892c-156.85 0-284-127.148-284-284 0-156.85 127.15-284 284-284 156.852 0 284 127.15 284 284 0 156.852-127.146 284-284 284zM960 448h-128v-64h128v64z"
        ],
        "attrs": [],
        "isMulticolor": false,
        "isMulticolor2": false,
        "tags": [
          "camera",
          "photo",
          "picture",
          "image"
        ],
        "defaultCode": 59663,
        "grid": 16
      },
      "attrs": [],
      "properties": {
        "ligatures": "camera, photo",
        "name": "camera",
        "id": 15,
        "order": 67,
        "prevSize": 32,
        "code": 59663
      },
      "setIdx": 0,
      "setId": 6,
      "iconIdx": 15
    },
    {
      "icon": {
        "paths": [
          "M288 576h-64v448h64c17.6 0 32-14.4 32-32v-384c0-17.6-14.4-32-32-32z",
          "M736 576c-17.602 0-32 14.4-32 32v384c0 17.6 14.398 32 32 32h64v-448h-64z",
          "M1024 512c0-282.77-229.23-512-512-512s-512 229.23-512 512c0 61.412 10.83 120.29 30.656 174.848-19.478 33.206-30.656 71.87-30.656 113.152 0 112.846 83.448 206.188 192 221.716v-443.418c-31.914 4.566-61.664 15.842-87.754 32.378-5.392-26.718-8.246-54.364-8.246-82.676 0-229.75 186.25-416 416-416s416 186.25 416 416c0 28.314-2.83 55.968-8.22 82.696-26.1-16.546-55.854-27.848-87.78-32.418v443.44c108.548-15.532 192-108.874 192-221.714 0-41.274-11.178-79.934-30.648-113.138 19.828-54.566 30.648-113.452 30.648-174.866z"
        ],
        "attrs": [],
        "isMulticolor": false,
        "isMulticolor2": false,
        "tags": [
          "headphones",
          "headset",
          "music",
          "audio"
        ],
        "defaultCode": 59664,
        "grid": 16
      },
      "attrs": [],
      "properties": {
        "ligatures": "headphones, headset",
        "name": "headphones",
        "id": 16,
        "order": 66,
        "prevSize": 32,
        "code": 59664
      },
      "setIdx": 0,
      "setId": 6,
      "iconIdx": 16
    },
    {
      "icon": {
        "paths": [
          "M960 0h64v736c0 88.366-100.29 160-224 160s-224-71.634-224-160c0-88.368 100.29-160 224-160 62.684 0 119.342 18.4 160 48.040v-368.040l-512 113.778v494.222c0 88.366-100.288 160-224 160s-224-71.634-224-160c0-88.368 100.288-160 224-160 62.684 0 119.342 18.4 160 48.040v-624.040l576-128z"
        ],
        "attrs": [],
        "isMulticolor": false,
        "isMulticolor2": false,
        "tags": [
          "music",
          "song",
          "audio",
          "sound",
          "note"
        ],
        "defaultCode": 59665,
        "grid": 16
      },
      "attrs": [],
      "properties": {
        "ligatures": "music, song",
        "name": "music",
        "id": 17,
        "order": 65,
        "prevSize": 32,
        "code": 59665
      },
      "setIdx": 0,
      "setId": 6,
      "iconIdx": 17
    },
    {
      "icon": {
        "paths": [
          "M0 128v768h1024v-768h-1024zM192 832h-128v-128h128v128zM192 576h-128v-128h128v128zM192 320h-128v-128h128v128zM768 832h-512v-640h512v640zM960 832h-128v-128h128v128zM960 576h-128v-128h128v128zM960 320h-128v-128h128v128zM384 320v384l256-192z"
        ],
        "attrs": [],
        "isMulticolor": false,
        "isMulticolor2": false,
        "tags": [
          "film",
          "video",
          "movie",
          "tape",
          "play"
        ],
        "defaultCode": 59667,
        "grid": 16
      },
      "attrs": [],
      "properties": {
        "ligatures": "film, video2",
        "name": "film",
        "id": 19,
        "order": 120,
        "prevSize": 32,
        "code": 59667
      },
      "setIdx": 0,
      "setId": 6,
      "iconIdx": 19
    },
    {
      "icon": {
        "paths": [
          "M1024 429.256c0-200.926-58.792-363.938-131.482-365.226 0.292-0.006 0.578-0.030 0.872-0.030h-82.942c0 0-194.8 146.336-475.23 203.754-8.56 45.292-14.030 99.274-14.030 161.502s5.466 116.208 14.030 161.5c280.428 57.418 475.23 203.756 475.23 203.756h82.942c-0.292 0-0.578-0.024-0.872-0.032 72.696-1.288 131.482-164.298 131.482-365.224zM864.824 739.252c-9.382 0-19.532-9.742-24.746-15.548-12.63-14.064-24.792-35.96-35.188-63.328-23.256-61.232-36.066-143.31-36.066-231.124 0-87.81 12.81-169.89 36.066-231.122 10.394-27.368 22.562-49.266 35.188-63.328 5.214-5.812 15.364-15.552 24.746-15.552 9.38 0 19.536 9.744 24.744 15.552 12.634 14.064 24.796 35.958 35.188 63.328 23.258 61.23 36.068 143.312 36.068 231.122 0 87.804-12.81 169.888-36.068 231.124-10.39 27.368-22.562 49.264-35.188 63.328-5.208 5.806-15.36 15.548-24.744 15.548zM251.812 429.256c0-51.95 3.81-102.43 11.052-149.094-47.372 6.554-88.942 10.324-140.34 10.324-67.058 0-67.058 0-67.058 0l-55.466 94.686v88.17l55.46 94.686c0 0 0 0 67.060 0 51.398 0 92.968 3.774 140.34 10.324-7.236-46.664-11.048-97.146-11.048-149.096zM368.15 642.172l-127.998-24.51 81.842 321.544c4.236 16.634 20.744 25.038 36.686 18.654l118.556-47.452c15.944-6.376 22.328-23.964 14.196-39.084l-123.282-229.152zM864.824 548.73c-3.618 0-7.528-3.754-9.538-5.992-4.87-5.42-9.556-13.86-13.562-24.408-8.962-23.6-13.9-55.234-13.9-89.078s4.938-65.478 13.9-89.078c4.006-10.548 8.696-18.988 13.562-24.408 2.010-2.24 5.92-5.994 9.538-5.994 3.616 0 7.53 3.756 9.538 5.994 4.87 5.42 9.556 13.858 13.56 24.408 8.964 23.598 13.902 55.234 13.902 89.078 0 33.842-4.938 65.478-13.902 89.078-4.004 10.548-8.696 18.988-13.56 24.408-2.008 2.238-5.92 5.992-9.538 5.992z"
        ],
        "attrs": [],
        "isMulticolor": false,
        "isMulticolor2": false,
        "tags": [
          "bullhorn",
          "megaphone",
          "announcement",
          "advertisement",
          "news"
        ],
        "defaultCode": 59674,
        "grid": 16
      },
      "attrs": [],
      "properties": {
        "ligatures": "bullhorn, megaphone",
        "name": "bullhorn",
        "id": 26,
        "order": 68,
        "prevSize": 32,
        "code": 59674
      },
      "setIdx": 0,
      "setId": 6,
      "iconIdx": 26
    },
    {
      "icon": {
        "paths": [
          "M704 640c-64 64-64 128-128 128s-128-64-192-128-128-128-128-192 64-64 128-128-128-256-192-256-192 192-192 192c0 128 131.5 387.5 256 512s384 256 512 256c0 0 192-128 192-192s-192-256-256-192z"
        ],
        "attrs": [],
        "isMulticolor": false,
        "isMulticolor2": false,
        "tags": [
          "phone",
          "telephone",
          "contact",
          "support",
          "call"
        ],
        "defaultCode": 59714,
        "grid": 16
      },
      "attrs": [],
      "properties": {
        "ligatures": "phone, telephone",
        "name": "phone",
        "id": 66,
        "order": 70,
        "prevSize": 32,
        "code": 59714
      },
      "setIdx": 0,
      "setId": 6,
      "iconIdx": 66
    },
    {
      "icon": {
        "paths": [
          "M1017.378 575.994c8.004 55.482 13.216 131.392-11.664 160.446-41.142 48.044-301.712 48.044-301.712-48.042 0-48.398 42.856-80.134 1.712-128.178-40.472-47.262-113.026-48.030-193.714-48.042-80.686 0.012-153.242 0.78-193.714 48.042-41.142 48.046 1.714 79.78 1.714 128.178 0 96.086-260.57 96.086-301.714 48.044-24.878-29.054-19.668-104.964-11.662-160.446 6.16-37.038 21.724-76.996 71.548-127.994 0-0.002 0.002-0.002 0.002-0.004 74.738-69.742 187.846-126.738 429.826-127.968v-0.030c1.344 0 2.664 0.010 4 0.014 1.338-0.004 2.656-0.014 4-0.014v0.028c241.98 1.23 355.088 58.226 429.826 127.968 0.002 0.002 0.002 0.004 0.002 0.004 49.824 50.996 65.39 90.954 71.55 127.994z"
        ],
        "attrs": [],
        "isMulticolor": false,
        "isMulticolor2": false,
        "tags": [
          "phone-hang-up",
          "telephone",
          "contact",
          "support",
          "call"
        ],
        "defaultCode": 59715,
        "grid": 16
      },
      "attrs": [],
      "properties": {
        "ligatures": "phone-hang-up, telephone2",
        "name": "phone-hang-up",
        "id": 67,
        "order": 69,
        "prevSize": 32,
        "code": 59715
      },
      "setIdx": 0,
      "setId": 6,
      "iconIdx": 67
    },
    {
      "icon": {
        "paths": [
          "M1088 128h-1024c-35.2 0-64 28.8-64 64v640c0 35.2 28.8 64 64 64h1024c35.2 0 64-28.8 64-64v-640c0-35.2-28.8-64-64-64zM640 256h128v128h-128v-128zM832 448v128h-128v-128h128zM448 256h128v128h-128v-128zM640 448v128h-128v-128h128zM256 256h128v128h-128v-128zM448 448v128h-128v-128h128zM128 256h64v128h-64v-128zM128 448h128v128h-128v-128zM192 768h-64v-128h64v128zM768 768h-512v-128h512v128zM1024 768h-192v-128h192v128zM1024 576h-128v-128h128v128zM1024 384h-192v-128h192v128z"
        ],
        "width": 1152,
        "attrs": [],
        "isMulticolor": false,
        "isMulticolor2": false,
        "tags": [
          "keyboard",
          "typing",
          "type"
        ],
        "defaultCode": 59733,
        "grid": 16
      },
      "attrs": [],
      "properties": {
        "ligatures": "keyboard, typing",
        "name": "keyboard",
        "id": 85,
        "order": 71,
        "prevSize": 32,
        "code": 59733
      },
      "setIdx": 0,
      "setId": 6,
      "iconIdx": 85
    },
    {
      "icon": {
        "paths": [
          "M0 64v640h1024v-640h-1024zM960 640h-896v-512h896v512zM672 768h-320l-32 128-64 64h512l-64-64z"
        ],
        "attrs": [],
        "isMulticolor": false,
        "isMulticolor2": false,
        "tags": [
          "display",
          "screen",
          "monitor",
          "computer",
          "desktop",
          "pc"
        ],
        "defaultCode": 59734,
        "grid": 16
      },
      "attrs": [],
      "properties": {
        "ligatures": "display, screen",
        "name": "display",
        "id": 86,
        "order": 72,
        "prevSize": 32,
        "code": 59734
      },
      "setIdx": 0,
      "setId": 6,
      "iconIdx": 86
    },
    {
      "icon": {
        "paths": [
          "M896 704v-512c0-35.2-28.8-64-64-64h-640c-35.2 0-64 28.8-64 64v512h-128v192h1024v-192h-128zM640 832h-256v-64h256v64zM832 704h-640v-511.886c0.034-0.040 0.076-0.082 0.114-0.114h639.77c0.040 0.034 0.082 0.076 0.116 0.116v511.884z"
        ],
        "attrs": [],
        "isMulticolor": false,
        "isMulticolor2": false,
        "tags": [
          "laptop",
          "computer",
          "pc"
        ],
        "defaultCode": 59735,
        "grid": 16
      },
      "attrs": [],
      "properties": {
        "ligatures": "laptop, computer",
        "name": "laptop",
        "id": 87,
        "order": 73,
        "prevSize": 32,
        "code": 59735
      },
      "setIdx": 0,
      "setId": 6,
      "iconIdx": 87
    },
    {
      "icon": {
        "paths": [
          "M736 0h-448c-52.8 0-96 43.2-96 96v832c0 52.8 43.2 96 96 96h448c52.8 0 96-43.2 96-96v-832c0-52.8-43.2-96-96-96zM384 48h256v32h-256v-32zM512 960c-35.346 0-64-28.654-64-64s28.654-64 64-64 64 28.654 64 64-28.654 64-64 64zM768 768h-512v-640h512v640z"
        ],
        "attrs": [],
        "isMulticolor": false,
        "isMulticolor2": false,
        "tags": [
          "mobile",
          "cell-phone",
          "handheld"
        ],
        "defaultCode": 59736,
        "grid": 16
      },
      "attrs": [],
      "properties": {
        "ligatures": "mobile, cell-phone",
        "name": "mobile",
        "id": 88,
        "order": 74,
        "prevSize": 32,
        "code": 59736
      },
      "setIdx": 0,
      "setId": 6,
      "iconIdx": 88
    },
    {
      "icon": {
        "paths": [
          "M768 0h-576c-35.2 0-64 28.798-64 64v896c0 35.2 28.798 64 64 64h576c35.2 0 64-28.8 64-64v-896c0-35.202-28.8-64-64-64zM480 977.782c-27.492 0-49.782-22.29-49.782-49.782s22.29-49.782 49.782-49.782 49.782 22.29 49.782 49.782-22.29 49.782-49.782 49.782zM768 832h-576v-704h576v704z"
        ],
        "attrs": [],
        "isMulticolor": false,
        "isMulticolor2": false,
        "tags": [
          "mobile",
          "cell-phone",
          "handheld",
          "tablet",
          "phablet"
        ],
        "defaultCode": 59737,
        "grid": 16
      },
      "attrs": [],
      "properties": {
        "ligatures": "mobile2, cell-phone2",
        "name": "mobile2",
        "id": 89,
        "order": 75,
        "prevSize": 32,
        "code": 59737
      },
      "setIdx": 0,
      "setId": 6,
      "iconIdx": 89
    },
    {
      "icon": {
        "paths": [
          "M800 0h-640c-52.8 0-96 43.2-96 96v832c0 52.8 43.2 96 96 96h640c52.8 0 96-43.2 96-96v-832c0-52.8-43.2-96-96-96zM480 992c-17.672 0-32-14.326-32-32s14.328-32 32-32 32 14.326 32 32-14.328 32-32 32zM768 896h-576v-768h576v768z"
        ],
        "attrs": [],
        "isMulticolor": false,
        "isMulticolor2": false,
        "tags": [
          "tablet",
          "mobile"
        ],
        "defaultCode": 59738,
        "grid": 16
      },
      "attrs": [],
      "properties": {
        "ligatures": "tablet, mobile3",
        "name": "tablet",
        "id": 90,
        "order": 76,
        "prevSize": 32,
        "code": 59738
      },
      "setIdx": 0,
      "setId": 6,
      "iconIdx": 90
    },
    {
      "icon": {
        "paths": [
          "M832 64h-640l-192 192v672c0 17.674 14.326 32 32 32h960c17.672 0 32-14.326 32-32v-672l-192-192zM512 832l-320-256h192v-192h256v192h192l-320 256zM154.51 192l64-64h586.978l64 64h-714.978z"
        ],
        "attrs": [],
        "isMulticolor": false,
        "isMulticolor2": false,
        "tags": [
          "box-add",
          "box",
          "download",
          "storage",
          "inbox",
          "archive"
        ],
        "defaultCode": 59742,
        "grid": 16
      },
      "attrs": [],
      "properties": {
        "ligatures": "box-add, box3",
        "name": "box-add",
        "id": 94,
        "order": 78,
        "prevSize": 32,
        "code": 59742
      },
      "setIdx": 0,
      "setId": 6,
      "iconIdx": 94
    },
    {
      "icon": {
        "paths": [
          "M512 0c-282.77 0-512 71.634-512 160v128c0 88.366 229.23 160 512 160s512-71.634 512-160v-128c0-88.366-229.23-160-512-160z",
          "M512 544c-282.77 0-512-71.634-512-160v192c0 88.366 229.23 160 512 160s512-71.634 512-160v-192c0 88.366-229.23 160-512 160z",
          "M512 832c-282.77 0-512-71.634-512-160v192c0 88.366 229.23 160 512 160s512-71.634 512-160v-192c0 88.366-229.23 160-512 160z"
        ],
        "attrs": [],
        "isMulticolor": false,
        "isMulticolor2": false,
        "tags": [
          "database",
          "db",
          "server",
          "host",
          "storage",
          "save",
          "datecenter"
        ],
        "defaultCode": 59748,
        "grid": 16
      },
      "attrs": [],
      "properties": {
        "ligatures": "database, db",
        "name": "database2",
        "id": 100,
        "order": 77,
        "prevSize": 32,
        "code": 59748
      },
      "setIdx": 0,
      "setId": 6,
      "iconIdx": 100
    },
    {
      "icon": {
        "paths": [
          "M761.862 1024c113.726-206.032 132.888-520.306-313.862-509.824v253.824l-384-384 384-384v248.372c534.962-13.942 594.57 472.214 313.862 775.628z"
        ],
        "attrs": [],
        "isMulticolor": false,
        "isMulticolor2": false,
        "tags": [
          "undo",
          "left",
          "arrow-left"
        ],
        "defaultCode": 59751,
        "grid": 16
      },
      "attrs": [],
      "properties": {
        "ligatures": "undo2, left",
        "name": "undo2",
        "id": 103,
        "order": 122,
        "prevSize": 32,
        "code": 59751
      },
      "setIdx": 0,
      "setId": 6,
      "iconIdx": 103
    },
    {
      "icon": {
        "paths": [
          "M512 64c282.77 0 512 186.25 512 416 0 229.752-229.23 416-512 416-27.156 0-53.81-1.734-79.824-5.044-109.978 109.978-241.25 129.7-368.176 132.596v-26.916c68.536-33.578 128-94.74 128-164.636 0-9.754-0.758-19.33-2.164-28.696-115.796-76.264-189.836-192.754-189.836-323.304 0-229.75 229.23-416 512-416z"
        ],
        "attrs": [],
        "isMulticolor": false,
        "isMulticolor2": false,
        "tags": [
          "bubble",
          "comment",
          "chat",
          "talk"
        ],
        "defaultCode": 59755,
        "grid": 16
      },
      "attrs": [],
      "properties": {
        "ligatures": "bubble, comment",
        "name": "bubble",
        "id": 107,
        "order": 79,
        "prevSize": 32,
        "code": 59755
      },
      "setIdx": 0,
      "setId": 6,
      "iconIdx": 107
    },
    {
      "icon": {
        "paths": [
          "M1088 901.166c0 45.5 26.028 84.908 64 104.184v15.938c-10.626 1.454-21.472 2.224-32.5 2.224-68.008 0-129.348-28.528-172.722-74.264-26.222 6.982-54.002 10.752-82.778 10.752-159.058 0-288-114.616-288-256s128.942-256 288-256c159.058 0 288 114.616 288 256 0 55.348-19.764 106.592-53.356 148.466-6.824 14.824-10.644 31.312-10.644 48.7zM512 0c278.458 0 504.992 180.614 511.836 405.52-49.182-21.92-103.586-33.52-159.836-33.52-95.56 0-185.816 33.446-254.138 94.178-70.846 62.972-109.862 147.434-109.862 237.822 0 44.672 9.544 87.888 27.736 127.788-5.228 0.126-10.468 0.212-15.736 0.212-27.156 0-53.81-1.734-79.824-5.044-109.978 109.978-241.25 129.7-368.176 132.596v-26.916c68.536-33.578 128-94.74 128-164.636 0-9.754-0.758-19.33-2.164-28.696-115.796-76.264-189.836-192.754-189.836-323.304 0-229.75 229.23-416 512-416z"
        ],
        "width": 1152,
        "attrs": [],
        "isMulticolor": false,
        "isMulticolor2": false,
        "tags": [
          "bubbles",
          "comments",
          "chat",
          "talk"
        ],
        "defaultCode": 59756,
        "grid": 16
      },
      "attrs": [],
      "properties": {
        "ligatures": "bubbles, comments",
        "name": "bubbles",
        "id": 108,
        "order": 80,
        "prevSize": 32,
        "code": 59756
      },
      "setIdx": 0,
      "setId": 6,
      "iconIdx": 108
    },
    {
      "icon": {
        "paths": [
          "M480 0v0c265.096 0 480 173.914 480 388.448s-214.904 388.448-480 388.448c-25.458 0-50.446-1.62-74.834-4.71-103.106 102.694-222.172 121.108-341.166 123.814v-25.134c64.252-31.354 116-88.466 116-153.734 0-9.106-0.712-18.048-2.030-26.794-108.558-71.214-177.97-179.988-177.97-301.89 0-214.534 214.904-388.448 480-388.448zM996 870.686c0 55.942 36.314 104.898 92 131.772v21.542c-103.126-2.318-197.786-18.102-287.142-106.126-21.14 2.65-42.794 4.040-64.858 4.040-95.47 0-183.408-25.758-253.614-69.040 144.674-0.506 281.26-46.854 384.834-130.672 52.208-42.252 93.394-91.826 122.414-147.348 30.766-58.866 46.366-121.582 46.366-186.406 0-10.448-0.45-20.836-1.258-31.168 72.57 59.934 117.258 141.622 117.258 231.676 0 104.488-60.158 197.722-154.24 258.764-1.142 7.496-1.76 15.16-1.76 22.966z"
        ],
        "width": 1152,
        "attrs": [],
        "isMulticolor": false,
        "isMulticolor2": false,
        "tags": [
          "bubbles",
          "comments",
          "chat",
          "talk"
        ],
        "defaultCode": 59757,
        "grid": 16
      },
      "attrs": [],
      "properties": {
        "ligatures": "bubbles2, comments2",
        "name": "bubbles2",
        "id": 109,
        "order": 81,
        "prevSize": 32,
        "code": 59757
      },
      "setIdx": 0,
      "setId": 6,
      "iconIdx": 109
    },
    {
      "icon": {
        "paths": [
          "M512 192c-54.932 0-107.988 8.662-157.694 25.742-46.712 16.054-88.306 38.744-123.628 67.444-66.214 53.798-102.678 122.984-102.678 194.814 0 40.298 11.188 79.378 33.252 116.152 22.752 37.92 56.982 72.586 98.988 100.252 30.356 19.992 50.78 51.948 56.176 87.894 1.8 11.984 2.928 24.088 3.37 36.124 7.47-6.194 14.75-12.846 21.88-19.976 24.154-24.152 56.78-37.49 90.502-37.49 5.368 0 10.762 0.336 16.156 1.024 20.974 2.666 42.398 4.020 63.676 4.020 54.934 0 107.988-8.66 157.694-25.742 46.712-16.054 88.306-38.744 123.628-67.444 66.214-53.796 102.678-122.984 102.678-194.814s-36.464-141.016-102.678-194.814c-35.322-28.698-76.916-51.39-123.628-67.444-49.706-17.080-102.76-25.742-157.694-25.742zM512 64v0c282.77 0 512 186.25 512 416 0 229.752-229.23 416-512 416-27.156 0-53.81-1.734-79.824-5.044-109.978 109.978-241.25 129.7-368.176 132.596v-26.916c68.536-33.578 128-94.74 128-164.636 0-9.754-0.758-19.33-2.164-28.696-115.796-76.264-189.836-192.754-189.836-323.304 0-229.75 229.23-416 512-416z"
        ],
        "attrs": [],
        "isMulticolor": false,
        "isMulticolor2": false,
        "tags": [
          "bubble",
          "comment",
          "chat",
          "talk"
        ],
        "defaultCode": 59758,
        "grid": 16
      },
      "attrs": [],
      "properties": {
        "ligatures": "bubble2, comment2",
        "name": "bubble2",
        "id": 110,
        "order": 82,
        "prevSize": 32,
        "code": 59758
      },
      "setIdx": 0,
      "setId": 6,
      "iconIdx": 110
    },
    {
      "icon": {
        "paths": [
          "M1088 901.166c0 45.5 26.028 84.908 64 104.184v15.938c-10.626 1.454-21.472 2.224-32.5 2.224-68.008 0-129.348-28.528-172.722-74.264-26.222 6.982-54.002 10.752-82.778 10.752-159.058 0-288-114.616-288-256s128.942-256 288-256c159.058 0 288 114.616 288 256 0 55.348-19.764 106.592-53.356 148.466-6.824 14.824-10.644 31.312-10.644 48.7zM230.678 221.186c-66.214 53.798-102.678 122.984-102.678 194.814 0 40.298 11.188 79.378 33.252 116.15 22.752 37.92 56.982 72.586 98.988 100.252 30.356 19.992 50.78 51.948 56.176 87.894 1.8 11.984 2.928 24.088 3.37 36.124 7.47-6.194 14.75-12.846 21.88-19.976 24.154-24.152 56.78-37.49 90.502-37.49 5.368 0 10.762 0.336 16.156 1.024 20.948 2.662 42.344 4.016 63.594 4.020v128c-27.128-0.002-53.754-1.738-79.742-5.042-109.978 109.978-241.25 129.7-368.176 132.596v-26.916c68.536-33.578 128-94.74 128-164.636 0-9.754-0.758-19.33-2.164-28.696-115.796-76.264-189.836-192.754-189.836-323.304 0-229.75 229.23-416 512-416 278.458 0 504.992 180.614 511.836 405.52-41.096-18.316-85.84-29.422-132.262-32.578-11.53-56.068-45.402-108.816-98.252-151.756-35.322-28.698-76.916-51.39-123.628-67.444-49.706-17.080-102.76-25.742-157.694-25.742-54.932 0-107.988 8.662-157.694 25.742-46.712 16.054-88.306 38.744-123.628 67.444z"
        ],
        "width": 1152,
        "attrs": [],
        "isMulticolor": false,
        "isMulticolor2": false,
        "tags": [
          "bubbles",
          "comments",
          "chat",
          "talk"
        ],
        "defaultCode": 59759,
        "grid": 16
      },
      "attrs": [],
      "properties": {
        "ligatures": "bubbles3, comments3",
        "name": "bubbles3",
        "id": 111,
        "order": 83,
        "prevSize": 32,
        "code": 59759
      },
      "setIdx": 0,
      "setId": 6,
      "iconIdx": 111
    },
    {
      "icon": {
        "paths": [
          "M480 128c-50.666 0-99.582 7.95-145.386 23.628-42.924 14.694-81.114 35.436-113.502 61.646-60.044 48.59-93.112 110.802-93.112 175.174 0 35.99 10.066 70.948 29.92 103.898 20.686 34.34 51.898 65.794 90.26 90.958 30.44 19.968 50.936 51.952 56.362 87.95 0.902 5.99 1.63 12.006 2.18 18.032 2.722-2.52 5.424-5.114 8.114-7.794 24.138-24.040 56.688-37.312 90.322-37.312 5.348 0 10.718 0.336 16.094 1.018 19.36 2.452 39.124 3.696 58.748 3.696 50.666 0 99.58-7.948 145.384-23.628 42.926-14.692 81.116-35.434 113.504-61.644 60.046-48.59 93.112-110.802 93.112-175.174s-33.066-126.582-93.112-175.174c-32.388-26.212-70.578-46.952-113.504-61.646-45.804-15.678-94.718-23.628-145.384-23.628zM480 0v0c265.096 0 480 173.914 480 388.448s-214.904 388.448-480 388.448c-25.458 0-50.446-1.62-74.834-4.71-103.106 102.694-222.172 121.108-341.166 123.814v-25.134c64.252-31.354 116-88.466 116-153.734 0-9.106-0.712-18.048-2.030-26.794-108.558-71.214-177.97-179.988-177.97-301.89 0-214.534 214.904-388.448 480-388.448zM996 870.686c0 55.942 36.314 104.898 92 131.772v21.542c-103.126-2.318-197.786-18.102-287.142-106.126-21.14 2.65-42.794 4.040-64.858 4.040-95.47 0-183.408-25.758-253.614-69.040 144.674-0.506 281.26-46.854 384.834-130.672 52.208-42.252 93.394-91.826 122.414-147.348 30.766-58.866 46.366-121.582 46.366-186.406 0-10.448-0.45-20.836-1.258-31.168 72.57 59.934 117.258 141.622 117.258 231.676 0 104.488-60.158 197.722-154.24 258.764-1.142 7.496-1.76 15.16-1.76 22.966z"
        ],
        "width": 1152,
        "attrs": [],
        "isMulticolor": false,
        "isMulticolor2": false,
        "tags": [
          "bubbles",
          "comments",
          "chat",
          "talk"
        ],
        "defaultCode": 59760,
        "grid": 16
      },
      "attrs": [],
      "properties": {
        "ligatures": "bubbles4, comments4",
        "name": "bubbles4",
        "id": 112,
        "order": 84,
        "prevSize": 32,
        "code": 59760
      },
      "setIdx": 0,
      "setId": 6,
      "iconIdx": 112
    },
    {
      "icon": {
        "paths": [
          "M1002.934 817.876l-460.552-394.76c21.448-40.298 33.618-86.282 33.618-135.116 0-159.058-128.942-288-288-288-29.094 0-57.172 4.332-83.646 12.354l166.39 166.39c24.89 24.89 24.89 65.62 0 90.51l-101.49 101.49c-24.89 24.89-65.62 24.89-90.51 0l-166.39-166.39c-8.022 26.474-12.354 54.552-12.354 83.646 0 159.058 128.942 288 288 288 48.834 0 94.818-12.17 135.116-33.62l394.76 460.552c22.908 26.724 62.016 28.226 86.904 3.338l101.492-101.492c24.888-24.888 23.386-63.994-3.338-86.902z"
        ],
        "attrs": [],
        "isMulticolor": false,
        "isMulticolor2": false,
        "tags": [
          "wrench",
          "tool",
          "fix",
          "settings",
          "control",
          "options",
          "preferences"
        ],
        "defaultCode": 59793,
        "grid": 16
      },
      "attrs": [],
      "properties": {
        "ligatures": "wrench, tool",
        "name": "wrench",
        "id": 145,
        "order": 115,
        "prevSize": 32,
        "code": 59793
      },
      "setIdx": 0,
      "setId": 6,
      "iconIdx": 145
    },
    {
      "icon": {
        "paths": [
          "M1009.996 828.976l-301.544-301.544c-18.668-18.668-49.214-18.668-67.882 0l-22.626 22.626-184-184 302.056-302.058h-320l-142.058 142.058-14.060-14.058h-67.882v67.882l14.058 14.058-206.058 206.060 160 160 206.058-206.058 184 184-22.626 22.626c-18.668 18.668-18.668 49.214 0 67.882l301.544 301.544c18.668 18.668 49.214 18.668 67.882 0l113.136-113.136c18.67-18.666 18.67-49.214 0.002-67.882z"
        ],
        "attrs": [],
        "isMulticolor": false,
        "isMulticolor2": false,
        "tags": [
          "hammer",
          "tool",
          "fix",
          "make",
          "generate",
          "work",
          "build"
        ],
        "defaultCode": 59798,
        "grid": 16
      },
      "attrs": [],
      "properties": {
        "ligatures": "hammer, tool2",
        "name": "hammer",
        "id": 150,
        "order": 116,
        "prevSize": 32,
        "code": 59798
      },
      "setIdx": 0,
      "setId": 6,
      "iconIdx": 150
    },
    {
      "icon": {
        "paths": [
          "M832 192v-128h-640v128h-192v128c0 106.038 85.958 192 192 192 20.076 0 39.43-3.086 57.62-8.802 46.174 66.008 116.608 113.796 198.38 130.396v198.406h-64c-70.694 0-128 57.306-128 128h512c0-70.694-57.306-128-128-128h-64v-198.406c81.772-16.6 152.206-64.386 198.38-130.396 18.19 5.716 37.544 8.802 57.62 8.802 106.042 0 192-85.962 192-192v-128h-192zM192 436c-63.962 0-116-52.038-116-116v-64h116v64c0 40.186 7.43 78.632 20.954 114.068-6.802 1.246-13.798 1.932-20.954 1.932zM948 320c0 63.962-52.038 116-116 116-7.156 0-14.152-0.686-20.954-1.932 13.524-35.436 20.954-73.882 20.954-114.068v-64h116v64z"
        ],
        "attrs": [],
        "isMulticolor": false,
        "isMulticolor2": false,
        "tags": [
          "trophy",
          "cup",
          "prize",
          "award",
          "winner",
          "tournament"
        ],
        "defaultCode": 59806,
        "grid": 16
      },
      "attrs": [],
      "properties": {
        "ligatures": "trophy, cup",
        "name": "trophy",
        "id": 158,
        "order": 114,
        "prevSize": 32,
        "code": 59806
      },
      "setIdx": 0,
      "setId": 6,
      "iconIdx": 158
    },
    {
      "icon": {
        "paths": [
          "M384 0l-384 512h384l-256 512 896-640h-512l384-384z"
        ],
        "attrs": [],
        "isMulticolor": false,
        "isMulticolor2": false,
        "tags": [
          "power",
          "lightning",
          "bolt",
          "electricity"
        ],
        "defaultCode": 59829,
        "grid": 16
      },
      "attrs": [],
      "properties": {
        "ligatures": "power, lightning",
        "name": "power",
        "id": 181,
        "order": 113,
        "prevSize": 32,
        "code": 59829
      },
      "setIdx": 0,
      "setId": 6,
      "iconIdx": 181
    },
    {
      "icon": {
        "paths": [
          "M736 448l-256 256-256-256h160v-384h192v384zM480 704h-480v256h960v-256h-480zM896 832h-128v-64h128v64z"
        ],
        "attrs": [],
        "isMulticolor": false,
        "isMulticolor2": false,
        "tags": [
          "download",
          "save",
          "store"
        ],
        "defaultCode": 59847,
        "grid": 16
      },
      "attrs": [],
      "properties": {
        "ligatures": "download3, save5",
        "name": "download3",
        "id": 199,
        "order": 85,
        "prevSize": 32,
        "code": 59847
      },
      "setIdx": 0,
      "setId": 6,
      "iconIdx": 199
    },
    {
      "icon": {
        "paths": [
          "M665.832 327.048l-64.952-64.922-324.81 324.742c-53.814 53.792-53.814 141.048 0 194.844 53.804 53.792 141.060 53.792 194.874 0l389.772-389.708c89.714-89.662 89.714-235.062 0-324.726-89.666-89.704-235.112-89.704-324.782 0l-409.23 409.178c-0.29 0.304-0.612 0.576-0.876 0.846-125.102 125.096-125.102 327.856 0 452.906 125.054 125.056 327.868 125.056 452.988 0 0.274-0.274 0.516-0.568 0.82-0.876l0.032 0.034 279.332-279.292-64.986-64.92-279.33 279.262c-0.296 0.268-0.564 0.57-0.846 0.844-89.074 89.058-233.98 89.058-323.076 0-89.062-89.042-89.062-233.922 0-322.978 0.304-0.304 0.604-0.582 0.888-0.846l-0.046-0.060 409.28-409.166c53.712-53.738 141.144-53.738 194.886 0 53.712 53.734 53.712 141.148 0 194.84l-389.772 389.7c-17.936 17.922-47.054 17.922-64.972 0-17.894-17.886-17.894-47.032 0-64.92l324.806-324.782z"
        ],
        "attrs": [],
        "isMulticolor": false,
        "isMulticolor2": false,
        "tags": [
          "attachment",
          "paperclip"
        ],
        "defaultCode": 59853,
        "grid": 16
      },
      "attrs": [],
      "properties": {
        "ligatures": "attachment, paperclip",
        "name": "attachment",
        "id": 205,
        "order": 86,
        "prevSize": 32,
        "code": 59853
      },
      "setIdx": 0,
      "setId": 6,
      "iconIdx": 205
    },
    {
      "icon": {
        "paths": [
          "M32 512l480 480v-288h512v-384h-512v-288z"
        ],
        "attrs": [],
        "isMulticolor": false,
        "isMulticolor2": false,
        "tags": [
          "arrow-left",
          "left",
          "previous"
        ],
        "defaultCode": 59960,
        "grid": 16
      },
      "attrs": [],
      "properties": {
        "ligatures": "arrow-left, left3",
        "name": "arrow-left",
        "id": 312,
        "order": 123,
        "prevSize": 32,
        "code": 59960
      },
      "setIdx": 0,
      "setId": 6,
      "iconIdx": 312
    },
    {
      "icon": {
        "paths": [
          "M864 704c-45.16 0-85.92 18.738-115.012 48.83l-431.004-215.502c1.314-8.252 2.016-16.706 2.016-25.328s-0.702-17.076-2.016-25.326l431.004-215.502c29.092 30.090 69.852 48.828 115.012 48.828 88.366 0 160-71.634 160-160s-71.634-160-160-160-160 71.634-160 160c0 8.622 0.704 17.076 2.016 25.326l-431.004 215.504c-29.092-30.090-69.852-48.83-115.012-48.83-88.366 0-160 71.636-160 160 0 88.368 71.634 160 160 160 45.16 0 85.92-18.738 115.012-48.828l431.004 215.502c-1.312 8.25-2.016 16.704-2.016 25.326 0 88.368 71.634 160 160 160s160-71.632 160-160c0-88.364-71.634-160-160-160z"
        ],
        "attrs": [],
        "isMulticolor": false,
        "isMulticolor2": false,
        "tags": [
          "share",
          "social"
        ],
        "defaultCode": 60034,
        "grid": 16
      },
      "attrs": [],
      "properties": {
        "ligatures": "share2, social",
        "name": "share2",
        "id": 386,
        "order": 87,
        "prevSize": 32,
        "code": 60034
      },
      "setIdx": 0,
      "setId": 6,
      "iconIdx": 386
    },
    {
      "icon": {
        "paths": [
          "M522.2 438.8v175.6h290.4c-11.8 75.4-87.8 220.8-290.4 220.8-174.8 0-317.4-144.8-317.4-323.2s142.6-323.2 317.4-323.2c99.4 0 166 42.4 204 79l139-133.8c-89.2-83.6-204.8-134-343-134-283 0-512 229-512 512s229 512 512 512c295.4 0 491.6-207.8 491.6-500.2 0-33.6-3.6-59.2-8-84.8l-483.6-0.2z"
        ],
        "attrs": [],
        "isMulticolor": false,
        "isMulticolor2": false,
        "tags": [
          "google",
          "brand"
        ],
        "defaultCode": 60040,
        "grid": 16
      },
      "attrs": [],
      "properties": {
        "name": "google",
        "ligatures": "google, brand2",
        "id": 392,
        "order": 88,
        "prevSize": 32,
        "code": 60040
      },
      "setIdx": 0,
      "setId": 6,
      "iconIdx": 392
    },
    {
      "icon": {
        "paths": [
          "M928 0h-832c-52.8 0-96 43.2-96 96v832c0 52.8 43.2 96 96 96h832c52.8 0 96-43.2 96-96v-832c0-52.8-43.2-96-96-96zM519.6 896c-212.2 0-384-171.8-384-384s171.8-384 384-384c103.6 0 190.4 37.8 257.2 100.4l-104.2 100.4c-28.6-27.4-78.4-59.2-153-59.2-131.2 0-238 108.6-238 242.4s107 242.4 238 242.4c152 0 209-109.2 217.8-165.6h-217.8v-131.6h362.6c3.2 19.2 6 38.4 6 63.6 0.2 219.4-146.8 375.2-368.6 375.2z"
        ],
        "attrs": [],
        "isMulticolor": false,
        "isMulticolor2": false,
        "tags": [
          "google",
          "brand"
        ],
        "defaultCode": 60041,
        "grid": 16
      },
      "attrs": [],
      "properties": {
        "name": "google2",
        "ligatures": "google2, brand3",
        "id": 393,
        "order": 89,
        "prevSize": 32,
        "code": 60041
      },
      "setIdx": 0,
      "setId": 6,
      "iconIdx": 393
    },
    {
      "icon": {
        "paths": [
          "M512 0c-282.8 0-512 229.2-512 512s229.2 512 512 512 512-229.2 512-512-229.2-512-512-512zM519.6 896c-212.2 0-384-171.8-384-384s171.8-384 384-384c103.6 0 190.4 37.8 257.2 100.4l-104.2 100.4c-28.6-27.4-78.4-59.2-153-59.2-131.2 0-238 108.6-238 242.4s107 242.4 238 242.4c152 0 209-109.2 217.8-165.6h-217.8v-131.6h362.6c3.2 19.2 6 38.4 6 63.6 0.2 219.4-146.8 375.2-368.6 375.2z"
        ],
        "attrs": [],
        "isMulticolor": false,
        "isMulticolor2": false,
        "tags": [
          "google",
          "brand"
        ],
        "defaultCode": 60042,
        "grid": 16
      },
      "attrs": [],
      "properties": {
        "name": "google3",
        "ligatures": "google3, brand4",
        "id": 394,
        "order": 90,
        "prevSize": 32,
        "code": 60042
      },
      "setIdx": 0,
      "setId": 6,
      "iconIdx": 394
    },
    {
      "icon": {
        "paths": [
          "M325.8 457.4v111.8h184.8c-7.4 48-55.8 140.6-184.8 140.6-111.2 0-202-92.2-202-205.8s90.8-205.8 202-205.8c63.4 0 105.6 27 129.8 50.2l88.4-85.2c-56.8-53-130.4-85.2-218.2-85.2-180.2 0.2-325.8 145.8-325.8 326s145.6 325.8 325.8 325.8c188 0 312.8-132.2 312.8-318.4 0-21.4-2.4-37.8-5.2-54h-307.6z",
          "M1024 448h-96v-96h-96v96h-96v96h96v96h96v-96h96z"
        ],
        "attrs": [],
        "isMulticolor": false,
        "isMulticolor2": false,
        "tags": [
          "google-plus",
          "brand",
          "social"
        ],
        "defaultCode": 60043,
        "grid": 16
      },
      "attrs": [],
      "properties": {
        "ligatures": "google-plus, brand5",
        "name": "google-plus",
        "id": 395,
        "order": 91,
        "prevSize": 32,
        "code": 60043
      },
      "setIdx": 0,
      "setId": 6,
      "iconIdx": 395
    },
    {
      "icon": {
        "paths": [
          "M928 0h-832c-52.8 0-96 43.2-96 96v832c0 52.8 43.2 96 96 96h832c52.8 0 96-43.2 96-96v-832c0-52.8-43.2-96-96-96zM384 768c-141.6 0-256-114.4-256-256s114.4-256 256-256c69.2 0 127 25.2 171.6 67l-69.6 66.8c-19-18.2-52.2-39.4-102-39.4-87.4 0-158.8 72.4-158.8 161.6s71.4 161.6 158.8 161.6c101.4 0 139.4-72.8 145.2-110.4h-145.2v-87.8h241.8c2.2 12.8 4 25.6 4 42.4 0 146.4-98 250.2-245.8 250.2zM896 512h-64v64h-64v-64h-64v-64h64v-64h64v64h64v64z"
        ],
        "attrs": [],
        "isMulticolor": false,
        "isMulticolor2": false,
        "tags": [
          "google-plus",
          "brand",
          "social"
        ],
        "defaultCode": 60044,
        "grid": 16
      },
      "attrs": [],
      "properties": {
        "ligatures": "google-plus2, brand6",
        "name": "google-plus2",
        "id": 396,
        "order": 92,
        "prevSize": 32,
        "code": 60044
      },
      "setIdx": 0,
      "setId": 6,
      "iconIdx": 396
    },
    {
      "icon": {
        "paths": [
          "M512 0c-282.8 0-512 229.2-512 512s229.2 512 512 512 512-229.2 512-512-229.2-512-512-512zM384 768c-141.6 0-256-114.4-256-256s114.4-256 256-256c69.2 0 127 25.2 171.6 67l-69.6 66.8c-19-18.2-52.2-39.4-102-39.4-87.4 0-158.8 72.4-158.8 161.6s71.4 161.6 158.8 161.6c101.4 0 139.4-72.8 145.2-110.4h-145.2v-87.8h241.8c2.2 12.8 4 25.6 4 42.4 0 146.4-98 250.2-245.8 250.2zM832 512v64h-64v-64h-64v-64h64v-64h64v64h64v64h-64z"
        ],
        "attrs": [],
        "isMulticolor": false,
        "isMulticolor2": false,
        "tags": [
          "google-plus",
          "brand",
          "social"
        ],
        "defaultCode": 60045,
        "grid": 16
      },
      "attrs": [],
      "properties": {
        "ligatures": "google-plus3, brand7",
        "name": "google-plus3",
        "id": 397,
        "order": 93,
        "prevSize": 32,
        "code": 60045
      },
      "setIdx": 0,
      "setId": 6,
      "iconIdx": 397
    },
    {
      "icon": {
        "paths": [
          "M438 640l-184.6 320h580.6l184.6-320z",
          "M992.4 576l-295.6-512h-369.6l295.6 512z",
          "M290.2 128l-290.2 502.8 184.8 320 290.2-502.8z"
        ],
        "attrs": [],
        "isMulticolor": false,
        "isMulticolor2": false,
        "tags": [
          "google-drive",
          "brand"
        ],
        "defaultCode": 60047,
        "grid": 16
      },
      "attrs": [],
      "properties": {
        "ligatures": "google-drive, brand9",
        "name": "google-drive",
        "id": 399,
        "order": 94,
        "prevSize": 32,
        "code": 60047
      },
      "setIdx": 0,
      "setId": 6,
      "iconIdx": 399
    },
    {
      "icon": {
        "paths": [
          "M608 192h160v-192h-160c-123.514 0-224 100.486-224 224v96h-128v192h128v512h192v-512h160l32-192h-192v-96c0-17.346 14.654-32 32-32z"
        ],
        "attrs": [],
        "isMulticolor": false,
        "isMulticolor2": false,
        "tags": [
          "facebook",
          "brand",
          "social"
        ],
        "defaultCode": 60048,
        "grid": 16
      },
      "attrs": [],
      "properties": {
        "ligatures": "facebook, brand10",
        "name": "facebook",
        "id": 400,
        "order": 95,
        "prevSize": 32,
        "code": 60048
      },
      "setIdx": 0,
      "setId": 6,
      "iconIdx": 400
    },
    {
      "icon": {
        "paths": [
          "M928 0h-832c-52.8 0-96 43.2-96 96v832c0 52.8 43.2 96 96 96h416v-448h-128v-128h128v-64c0-105.8 86.2-192 192-192h128v128h-128c-35.2 0-64 28.8-64 64v64h192l-32 128h-160v448h288c52.8 0 96-43.2 96-96v-832c0-52.8-43.2-96-96-96z"
        ],
        "attrs": [],
        "isMulticolor": false,
        "isMulticolor2": false,
        "tags": [
          "facebook",
          "brand",
          "social"
        ],
        "defaultCode": 60049,
        "grid": 16
      },
      "attrs": [],
      "properties": {
        "ligatures": "facebook2, brand11",
        "name": "facebook2",
        "id": 401,
        "order": 96,
        "prevSize": 32,
        "code": 60049
      },
      "setIdx": 0,
      "setId": 6,
      "iconIdx": 401
    },
    {
      "icon": {
        "paths": [
          "M512 92.2c136.8 0 153 0.6 206.8 3 50 2.2 77 10.6 95 17.6 23.8 9.2 41 20.4 58.8 38.2 18 18 29 35 38.4 58.8 7 18 15.4 45.2 17.6 95 2.4 54 3 70.2 3 206.8s-0.6 153-3 206.8c-2.2 50-10.6 77-17.6 95-9.2 23.8-20.4 41-38.2 58.8-18 18-35 29-58.8 38.4-18 7-45.2 15.4-95 17.6-54 2.4-70.2 3-206.8 3s-153-0.6-206.8-3c-50-2.2-77-10.6-95-17.6-23.8-9.2-41-20.4-58.8-38.2-18-18-29-35-38.4-58.8-7-18-15.4-45.2-17.6-95-2.4-54-3-70.2-3-206.8s0.6-153 3-206.8c2.2-50 10.6-77 17.6-95 9.2-23.8 20.4-41 38.2-58.8 18-18 35-29 58.8-38.4 18-7 45.2-15.4 95-17.6 53.8-2.4 70-3 206.8-3zM512 0c-139 0-156.4 0.6-211 3-54.4 2.4-91.8 11.2-124.2 23.8-33.8 13.2-62.4 30.6-90.8 59.2-28.6 28.4-46 57-59.2 90.6-12.6 32.6-21.4 69.8-23.8 124.2-2.4 54.8-3 72.2-3 211.2s0.6 156.4 3 211c2.4 54.4 11.2 91.8 23.8 124.2 13.2 33.8 30.6 62.4 59.2 90.8 28.4 28.4 57 46 90.6 59 32.6 12.6 69.8 21.4 124.2 23.8 54.6 2.4 72 3 211 3s156.4-0.6 211-3c54.4-2.4 91.8-11.2 124.2-23.8 33.6-13 62.2-30.6 90.6-59s46-57 59-90.6c12.6-32.6 21.4-69.8 23.8-124.2 2.4-54.6 3-72 3-211s-0.6-156.4-3-211c-2.4-54.4-11.2-91.8-23.8-124.2-12.6-34-30-62.6-58.6-91-28.4-28.4-57-46-90.6-59-32.6-12.6-69.8-21.4-124.2-23.8-54.8-2.6-72.2-3.2-211.2-3.2v0z",
          "M512 249c-145.2 0-263 117.8-263 263s117.8 263 263 263 263-117.8 263-263c0-145.2-117.8-263-263-263zM512 682.6c-94.2 0-170.6-76.4-170.6-170.6s76.4-170.6 170.6-170.6c94.2 0 170.6 76.4 170.6 170.6s-76.4 170.6-170.6 170.6z",
          "M846.8 238.6c0 33.91-27.49 61.4-61.4 61.4s-61.4-27.49-61.4-61.4c0-33.91 27.49-61.4 61.4-61.4s61.4 27.49 61.4 61.4z"
        ],
        "attrs": [],
        "isMulticolor": false,
        "isMulticolor2": false,
        "tags": [
          "instagram",
          "brand",
          "social"
        ],
        "defaultCode": 60050,
        "grid": 16
      },
      "attrs": [],
      "properties": {
        "ligatures": "instagram, brand12",
        "name": "instagram",
        "id": 402,
        "order": 97,
        "prevSize": 32,
        "code": 60050
      },
      "setIdx": 0,
      "setId": 6,
      "iconIdx": 402
    },
    {
      "icon": {
        "paths": [
          "M873 148.8c-95.8-96-223.2-148.8-359-148.8-279.6 0-507.2 227.6-507.2 507.4 0 89.4 23.4 176.8 67.8 253.6l-72 263 269-70.6c74.2 40.4 157.6 61.8 242.4 61.8h0.2c0 0 0 0 0 0 279.6 0 507.4-227.6 507.4-507.4 0-135.6-52.8-263-148.6-359zM514.2 929.6v0c-75.8 0-150-20.4-214.8-58.8l-15.4-9.2-159.6 41.8 42.6-155.6-10-16c-42.4-67-64.6-144.6-64.6-224.4 0-232.6 189.2-421.8 422-421.8 112.6 0 218.6 44 298.2 123.6 79.6 79.8 123.4 185.6 123.4 298.4-0.2 232.8-189.4 422-421.8 422zM745.4 613.6c-12.6-6.4-75-37-86.6-41.2s-20-6.4-28.6 6.4c-8.4 12.6-32.8 41.2-40.2 49.8-7.4 8.4-14.8 9.6-27.4 3.2s-53.6-19.8-102-63c-37.6-33.6-63.2-75.2-70.6-87.8s-0.8-19.6 5.6-25.8c5.8-5.6 12.6-14.8 19-22.2s8.4-12.6 12.6-21.2c4.2-8.4 2.2-15.8-1-22.2s-28.6-68.8-39-94.2c-10.2-24.8-20.8-21.4-28.6-21.8-7.4-0.4-15.8-0.4-24.2-0.4s-22.2 3.2-33.8 15.8c-11.6 12.6-44.4 43.4-44.4 105.8s45.4 122.6 51.8 131.2c6.4 8.4 89.4 136.6 216.6 191.4 30.2 13 53.8 20.8 72.2 26.8 30.4 9.6 58 8.2 79.8 5 24.4-3.6 75-30.6 85.6-60.2s10.6-55 7.4-60.2c-3-5.6-11.4-8.8-24.2-15.2z"
        ],
        "attrs": [],
        "isMulticolor": false,
        "isMulticolor2": false,
        "tags": [
          "whatsapp",
          "brand",
          "social"
        ],
        "defaultCode": 60051,
        "grid": 16
      },
      "attrs": [],
      "properties": {
        "name": "whatsapp",
        "ligatures": "whatsapp, brand13",
        "id": 403,
        "order": 98,
        "prevSize": 32,
        "code": 60051
      },
      "setIdx": 0,
      "setId": 6,
      "iconIdx": 403
    },
    {
      "icon": {
        "paths": [
          "M1024 226.4c-37.6 16.8-78.2 28-120.6 33 43.4-26 76.6-67.2 92.4-116.2-40.6 24-85.6 41.6-133.4 51-38.4-40.8-93-66.2-153.4-66.2-116 0-210 94-210 210 0 16.4 1.8 32.4 5.4 47.8-174.6-8.8-329.4-92.4-433-219.6-18 31-28.4 67.2-28.4 105.6 0 72.8 37 137.2 93.4 174.8-34.4-1-66.8-10.6-95.2-26.2 0 0.8 0 1.8 0 2.6 0 101.8 72.4 186.8 168.6 206-17.6 4.8-36.2 7.4-55.4 7.4-13.6 0-26.6-1.4-39.6-3.8 26.8 83.4 104.4 144.2 196.2 146-72 56.4-162.4 90-261 90-17 0-33.6-1-50.2-3 93.2 59.8 203.6 94.4 322.2 94.4 386.4 0 597.8-320.2 597.8-597.8 0-9.2-0.2-18.2-0.6-27.2 41-29.4 76.6-66.4 104.8-108.6z"
        ],
        "attrs": [],
        "isMulticolor": false,
        "isMulticolor2": false,
        "tags": [
          "twitter",
          "brand",
          "tweet",
          "social"
        ],
        "defaultCode": 60054,
        "grid": 16
      },
      "attrs": [],
      "properties": {
        "ligatures": "twitter, brand16",
        "name": "twitter",
        "id": 406,
        "order": 100,
        "prevSize": 32,
        "code": 60054
      },
      "setIdx": 0,
      "setId": 6,
      "iconIdx": 406
    },
    {
      "icon": {
        "paths": [
          "M344.012 169.399c0.209-0.865 0.344-1.479 0.388-1.8l1.042-7.559-47.349-0.267c-42.779-0.242-55.87 0.007-57.047 1.084-0.565 0.516-15.333 56.633-41.655 158.273-12.556 48.484-23.124 87.206-23.487 86.051s-15.391-56.498-33.397-122.98c-18.006-66.482-33.104-121.243-33.55-121.692-0.623-0.623-57.98-0.9-104.417-0.502-6.735 0.056-10.477-13.11 60.021 211.133 9.759 31.041 24.371 74.997 32.469 97.679 9.333 26.141 15.989 46.323 20.534 63.173 8.038 32.067 8.319 52.163 6.565 75.625-2.026 27.101-2.321 218.438-0.342 221.638 1.512 2.449 91.223 3.589 99.712 1.268 1.358-0.372 2.265-1.691 2.87-8.928 2.119-6.219 2.286-30.969 2.286-133.744v-131.281l5.742-18.112c3.756-11.849 13.201-42.995 20.989-69.22 7.789-26.222 17.21-57.619 20.938-69.771 33.834-110.319 66.14-218.831 66.994-225.011l0.693-5.056z",
          "M846.122 328.651l-0.021 6.838-1.065 0.014-0.595 188.993-0.577 183.227-14.666 14.929c-16.424 16.719-29.585 23.101-41.488 20.113-12.963-3.254-12.64 1.8-13.722-214.768l-0.998-199.347h-94.316v6.851h-1.086v216.289c0 231.737-0.007 231.599 11.752 254.875 9.366 18.536 23.010 27.559 46.391 30.671h0.002c30.79 4.1 64.001-9.849 94.77-39.809l13.373-13.022v22.445c0 19.396 0.554 22.601 4.070 23.58 5.756 1.605 77.173 1.707 84.89 0.126l6.396-1.314v-6.628l1.086-0.223v-495.098l-94.195 1.258z",
          "M606.892 426.33c-8.935-38.341-25.68-64.115-53.233-81.939-43.281-27.999-92.718-30.957-138.586-8.291-33.425 16.515-54.951 43.914-66.071 84.083-1.326 4.786-2.298 8.812-3.033 14.815-2.83 14.184-3.163 35.351-3.889 133.951-1.121 151.928 0.616 170.003 19.643 204.51 18.664 33.848 57.403 58.661 99.572 63.782 12.696 1.54 38.43-0.858 53.23-4.961 33.632-9.326 65.864-35.906 80.118-66.078 6.158-13.033 9.875-22.096 12.115-38.651 4.175-22.617 4.47-59.175 4.47-152.375-0.002-118.875-0.379-131.862-4.337-148.847zM499.34 736.003c-7.907 6.028-21.734 8.649-32.983 6.249-8.656-1.847-20.338-15.419-23.934-27.801-4.479-15.436-4.823-229.985-0.954-272.059 6.379-21.054 24.19-32.050 43.635-26.813 15.157 4.082 22.915 13.575 27.336 33.457 3.282 14.754 3.67 33.129 2.972 141.26-0.46 71.701-0.716 106.742-3.058 125.553-2.382 11.87-6.319 15.047-13.015 20.154z",
          "M2300.389 534.137h45.57l-0.726-41.281c-0.705-37.869-1.263-42.2-6.324-52.472-7.982-16.21-19.759-23.401-38.446-23.401-22.448 0-36.678 10.849-43.388 33.141-2.858 9.486-5.863 74.685-3.707 80.308 1.205 3.144 7.724 3.705 47.021 3.705z",
          "M1995.795 440.237c-6.077-12.247-17.385-18.278-30.525-17.806-10.221 0.365-21.561 4.677-32.488 13.010l-8.14 6.177v296.598l8.14 6.177c18.429 14.052 38.674 17.031 52.619 7.703 5.519-3.691 9.117-8.779 11.919-16.861 3.647-10.524 3.965-24.003 3.489-148.772-0.495-130.043-0.781-137.702-5.014-146.226z",
          "M2560.878 306.633c-9.080-108.842-16.303-144.165-38.751-189.544-29.729-60.101-72.692-91.788-133.876-98.747-47.309-5.379-225.315-12.97-390.044-16.631-285.188-6.338-754.057 5.858-813.939 21.173-27.673 7.077-48.426 19.11-70.022 40.604-37.844 37.662-60.391 91.679-69.452 166.396-20.692 170.606-21.134 376.727-1.188 553.515 8.577 76.041 26.243 125.443 59.41 166.159 20.694 25.406 56.352 46.998 88.26 53.442 22.385 4.523 134.42 10.798 297.605 16.668 24.306 0.874 88.667 2.379 143.030 3.344 113.301 2.012 321.627 0.821 440.719-2.519 80.127-2.249 226.201-8.172 253.5-10.282 7.677-0.593 25.469-1.728 39.537-2.523 47.277-2.67 77.353-12.568 105.596-34.76 36.553-28.718 64.857-81.795 76.815-144.037 11.314-58.894 18.887-163.773 20.422-282.851 1.284-99.491-0.426-153.175-7.621-239.409zM1425.273 267.192l-52.982 0.654-2.326 565.143-45.932 0.581c-35.525 0.488-46.307-0.044-47.167-2.326-0.616-1.626-1.356-129.020-1.672-283.153l-0.581-280.246-103.493-1.307v-88.304l305.829 1.235 1.307 87.069-52.982 0.654zM1750.216 591.117v243.035h-83.725v-25.583c0-19.247-0.735-25.583-2.979-25.583-1.64 0-9.226 6.344-16.861 14.098-16.557 16.817-36.171 30.367-52.91 36.63-34.662 12.968-67.589 5.4-81.618-18.75-12.838-22.11-13.082-27.052-13.082-256.335v-210.547h83.653l0.654 198.265c0.623 194.821 0.714 198.393 5.377 206.333 6.182 10.521 15.608 13.347 30.597 9.231 8.817-2.423 14.836-6.707 29.143-20.931l18.024-17.952v-374.946h83.725v243.035zM2076.757 799.41c-7.372 16.424-23.806 32.509-37.283 36.485-35.167 10.382-63.375 1.923-95.935-28.708-10.103-9.505-19.51-17.224-20.931-17.224-1.712 0-2.616 7.449-2.616 22.094v22.094h-83.725v-655.845h83.725v106.982c0 58.84 0.786 106.982 1.744 106.982s9.789-7.807 19.624-17.298c22.629-21.841 41.548-31.399 65.557-33.213 42.811-3.24 68.327 18.794 80.018 69.117 3.647 15.696 3.998 33.625 3.998 179.078-0.002 177.178-0.021 177.918-14.175 209.457zM2430.99 702.168c-0.744 18.226-2.954 39.137-4.942 46.514-11.642 43.167-42.635 73.731-87.432 86.269-60.315 16.878-126.704-10.777-153.205-63.812-14.875-29.769-15.408-35.706-15.408-181.185 0-118.617 0.419-133.171 4.214-149.354 10.747-45.788 37.392-75.422 82.49-91.865 13.068-4.765 26.708-7.207 40.337-7.486 48.672-0.998 96.984 25.18 117.229 67.808 13.659 28.76 15.35 41.060 16.717 122.099l1.235 72.678-178.497 1.235-0.654 48.84c-0.93 68.901 3.716 90.088 22.313 102.621 15.645 10.54 39.679 9.745 52.765-1.744 12.263-10.768 15.726-22.336 16.933-56.107l1.091-29.653h86.195l-1.381 33.143z"
        ],
        "width": 2569,
        "attrs": [],
        "isMulticolor": false,
        "isMulticolor2": false,
        "tags": [
          "youtube",
          "brand",
          "social"
        ],
        "defaultCode": 60062,
        "grid": 16
      },
      "attrs": [],
      "properties": {
        "ligatures": "youtube2, brand22",
        "name": "youtube2",
        "id": 414,
        "order": 101,
        "prevSize": 32,
        "code": 60062
      },
      "setIdx": 0,
      "setId": 6,
      "iconIdx": 414
    },
    {
      "icon": {
        "paths": [
          "M791.498 544.092c-1.294-129.682 105.758-191.876 110.542-194.966-60.152-88.020-153.85-100.078-187.242-101.472-79.742-8.074-155.596 46.948-196.066 46.948-40.368 0-102.818-45.754-168.952-44.552-86.916 1.292-167.058 50.538-211.812 128.38-90.304 156.698-23.126 388.84 64.89 515.926 43.008 62.204 94.292 132.076 161.626 129.58 64.842-2.588 89.362-41.958 167.756-41.958s100.428 41.958 169.050 40.67c69.774-1.296 113.982-63.398 156.692-125.796 49.39-72.168 69.726-142.038 70.924-145.626-1.548-0.706-136.060-52.236-137.408-207.134zM662.562 163.522c35.738-43.358 59.86-103.512 53.28-163.522-51.478 2.096-113.878 34.29-150.81 77.55-33.142 38.376-62.148 99.626-54.374 158.436 57.466 4.484 116.128-29.204 151.904-72.464z"
        ],
        "attrs": [],
        "isMulticolor": false,
        "isMulticolor2": false,
        "tags": [
          "apple",
          "brand"
        ],
        "defaultCode": 60094,
        "grid": 16
      },
      "attrs": [],
      "properties": {
        "ligatures": "apple, brand53",
        "name": "appleinc",
        "id": 446,
        "order": 105,
        "prevSize": 32,
        "code": 60094
      },
      "setIdx": 0,
      "setId": 6,
      "iconIdx": 446
    },
    {
      "icon": {
        "paths": [
          "M896 384c-35.2 0-64 28.8-64 64v256c0 35.2 28.8 64 64 64s64-28.8 64-64v-256c0-35.2-28.8-64-64-64zM128 384c-35.2 0-64 28.8-64 64v256c0 35.2 28.8 64 64 64s64-28.8 64-64v-256c0-35.2-28.802-64-64-64zM224 736c0 53.020 42.98 96 96 96v0 128c0 35.2 28.8 64 64 64s64-28.8 64-64v-128h128v128c0 35.2 28.8 64 64 64s64-28.8 64-64v-128c53.020 0 96-42.98 96-96v-352h-576v352z",
          "M798.216 320.002c-9.716-87.884-59.004-163.792-129.62-209.646l32.024-64.046c7.904-15.806 1.496-35.028-14.31-42.932s-35.030-1.496-42.932 14.312l-32.142 64.286-8.35-3.316c-28.568-9.502-59.122-14.66-90.886-14.66-31.762 0-62.316 5.158-90.888 14.656l-8.348 3.316-32.142-64.282c-7.904-15.808-27.128-22.212-42.932-14.312-15.808 7.904-22.214 27.126-14.312 42.932l32.022 64.046c-70.616 45.852-119.904 121.762-129.622 209.644v32h574.222v-31.998h-1.784zM416 256c-17.674 0-32-14.328-32-32 0-17.648 14.288-31.958 31.93-31.996 0.032 0 0.062 0.002 0.094 0.002 0.018 0 0.036-0.002 0.052-0.002 17.638 0.042 31.924 14.35 31.924 31.996 0 17.672-14.326 32-32 32zM608 256c-17.674 0-32-14.328-32-32 0-17.646 14.286-31.954 31.924-31.996 0.016 0 0.034 0.002 0.050 0.002 0.032 0 0.064-0.002 0.096-0.002 17.64 0.038 31.93 14.348 31.93 31.996 0 17.672-14.326 32-32 32z"
        ],
        "attrs": [],
        "isMulticolor": false,
        "isMulticolor2": false,
        "tags": [
          "android",
          "brand",
          "os",
          "mobile"
        ],
        "defaultCode": 60096,
        "grid": 16
      },
      "attrs": [],
      "properties": {
        "ligatures": "android, brand55",
        "name": "android",
        "id": 448,
        "order": 106,
        "prevSize": 32,
        "code": 60096
      },
      "setIdx": 0,
      "setId": 6,
      "iconIdx": 448
    },
    {
      "icon": {
        "paths": [
          "M412.23 511.914c-47.708-24.518-94.086-36.958-137.88-36.958-5.956 0-11.952 0.18-17.948 0.708-55.88 4.624-106.922 19.368-139.75 30.828-8.708 3.198-17.634 6.576-26.83 10.306l-89.822 311.394c61.702-22.832 116.292-33.938 166.27-33.938 80.846 0 139.528 30.208 187.992 61.304 22.962-77.918 78.044-266.090 94.482-322.324-11.95-7.284-24.076-14.57-36.514-21.32zM528.348 591.070l-90.446 314.148c26.832 15.372 117.098 64.050 186.212 64.050 55.792 0 118.252-14.296 190.834-43.792l86.356-301.976c-58.632 18.922-114.876 28.52-167.464 28.52-95.95 0-163.114-31.098-205.492-60.95zM292.822 368.79c77.118 0.798 134.152 30.208 181.416 60.502l92.752-317.344c-19.546-11.196-70.806-39.094-107.858-48.6-24.386-5.684-50.020-8.616-77.204-8.616-51.796 0.976-108.388 13.946-172.888 39.8l-88.44 310.596c64.808-24.436 120.644-36.34 172.086-36.34 0.046 0.002 0.136 0.002 0.136 0.002zM1024 198.124c-58.814 22.832-116.208 34.466-171.028 34.466-91.686 0-159.292-31.802-203.094-62.366l-91.95 318.236c61.746 39.708 128.29 59.878 198.122 59.878 56.948 0 115.94-13.68 175.462-40.688l-0.182-2.222 3.734-0.886 88.936-306.418z"
        ],
        "attrs": [],
        "isMulticolor": false,
        "isMulticolor2": false,
        "tags": [
          "windows",
          "brand",
          "os"
        ],
        "defaultCode": 60097,
        "grid": 16
      },
      "attrs": [],
      "properties": {
        "ligatures": "windows, brand56",
        "name": "windows",
        "id": 449,
        "order": 102,
        "prevSize": 32,
        "code": 60097
      },
      "setIdx": 0,
      "setId": 6,
      "iconIdx": 449
    },
    {
      "icon": {
        "paths": [
          "M0.35 512l-0.35-312.074 384-52.144v364.218zM448 138.482l511.872-74.482v448h-511.872zM959.998 576l-0.126 448-511.872-72.016v-375.984zM384 943.836l-383.688-52.594-0.020-315.242h383.708z"
        ],
        "attrs": [],
        "isMulticolor": false,
        "isMulticolor2": false,
        "tags": [
          "windows8",
          "brand",
          "os"
        ],
        "defaultCode": 60098,
        "grid": 16
      },
      "attrs": [],
      "properties": {
        "ligatures": "windows8, brand57",
        "name": "windows8",
        "id": 450,
        "order": 103,
        "prevSize": 32,
        "code": 60098
      },
      "setIdx": 0,
      "setId": 6,
      "iconIdx": 450
    },
    {
      "icon": {
        "paths": [
          "M425.6 37.4c-1.6-1-3.4-1.8-5-2.6-1.8 0.4-3.4 0.6-5.2 1l10.2 1.6z",
          "M36.8 421c-0.4 1.8-0.6 3.6-0.8 5.2 1 1.6 1.6 3.2 2.6 4.8l-1.8-10z",
          "M986.8 602.6c0.4-1.8 0.6-3.6 1-5.4-1-1.6-1.6-3.2-2.6-4.8l1.6 10.2z",
          "M592 983c1.6 1 3.4 1.8 5 2.6 1.8-0.4 3.6-0.6 5.4-0.8l-10.4-1.8z",
          "M987.8 597.2c-0.4 1.8-0.6 3.6-1 5.4l-1.8-10.4c1 1.8 1.8 3.4 2.8 5 5.2-28.8 8-58.2 8-87.6 0-65.2-12.8-128.6-38-188.2-24.4-57.6-59.2-109.4-103.6-153.8s-96.2-79.2-153.6-103.6c-59.6-25.2-123-38-188.2-38-30.8 0-61.6 2.8-91.6 8.6 0 0-0.2 0-0.2 0 1.6 0.8 3.4 1.6 5 2.6l-10.2-1.6c1.8-0.4 3.4-0.6 5.2-1-41.2-21.8-87.4-33.6-134.2-33.6-76.4 0-148.4 29.8-202.4 83.8s-83.8 126-83.8 202.4c0 48.6 12.6 96.6 36 138.8 0.4-1.8 0.6-3.6 0.8-5.2l1.8 10.2c-1-1.6-1.8-3.2-2.6-4.8-4.8 27.4-7.2 55.4-7.2 83.4 0 65.2 12.8 128.6 38 188.2 24.4 57.6 59.2 109.2 103.6 153.6s96.2 79.2 153.8 103.6c59.6 25.2 123 38 188.2 38 28.4 0 56.8-2.6 84.6-7.6-1.6-1-3.2-1.8-5-2.6l10.4 1.8c-1.8 0.4-3.6 0.6-5.4 0.8 42.8 24.2 91.4 37.2 140.8 37.2 76.4 0 148.4-29.8 202.4-83.8s83.8-126 83.8-202.4c-0.2-48.6-12.8-96.6-36.4-139.2zM514.2 805.8c-171.8 0-248.6-84.4-248.6-147.8 0-32.4 24-55.2 57-55.2 73.6 0 54.4 105.6 191.6 105.6 70.2 0 109-38.2 109-77.2 0-23.4-11.6-49.4-57.8-60.8l-152.8-38.2c-123-30.8-145.4-97.4-145.4-160 0-129.8 122.2-178.6 237-178.6 105.8 0 230.4 58.4 230.4 136.4 0 33.4-29 52.8-62 52.8-62.8 0-51.2-86.8-177.6-86.8-62.8 0-97.4 28.4-97.4 69s49.6 53.6 92.6 63.4l113.2 25.2c123.8 27.6 155.2 100 155.2 168 0 105.4-81 184.2-244.4 184.2z"
        ],
        "attrs": [],
        "isMulticolor": false,
        "isMulticolor2": false,
        "tags": [
          "skype",
          "brand",
          "social"
        ],
        "defaultCode": 60101,
        "grid": 16
      },
      "attrs": [],
      "properties": {
        "ligatures": "skype, brand60",
        "name": "skype",
        "id": 453,
        "order": 104,
        "prevSize": 32,
        "code": 60101
      },
      "setIdx": 0,
      "setId": 6,
      "iconIdx": 453
    },
    {
      "icon": {
        "paths": [
          "M258.278 446.542l-146.532-253.802c93.818-117.464 238.234-192.74 400.254-192.74 187.432 0 351.31 100.736 440.532 251h-417.77c-7.504-0.65-15.092-1-22.762-1-121.874 0-224.578 83.644-253.722 196.542zM695.306 325h293.46c22.74 57.93 35.234 121.004 35.234 187 0 280.826-226.1 508.804-506.186 511.926l209.394-362.678c29.48-42.378 46.792-93.826 46.792-149.248 0-73.17-30.164-139.42-78.694-187zM326 512c0-102.56 83.44-186 186-186s186 83.44 186 186c0 102.56-83.44 186-186 186s-186-83.44-186-186zM582.182 764.442l-146.578 253.878c-246.532-36.884-435.604-249.516-435.604-506.32 0-91.218 23.884-176.846 65.696-251.024l209.030 362.054c41.868 89.112 132.476 150.97 237.274 150.97 24.3 0 47.836-3.34 70.182-9.558z"
        ],
        "attrs": [],
        "isMulticolor": false,
        "isMulticolor2": false,
        "tags": [
          "chrome",
          "browser",
          "internet",
          "brand"
        ],
        "defaultCode": 60121,
        "grid": 16
      },
      "attrs": [],
      "properties": {
        "ligatures": "chrome, browser",
        "name": "chrome",
        "id": 473,
        "order": 109,
        "prevSize": 32,
        "code": 60121
      },
      "setIdx": 0,
      "setId": 6,
      "iconIdx": 473
    },
    {
      "icon": {
        "paths": [
          "M1022.526 334.14l-11.86 76.080c0 0-16.954-140.856-37.732-193.514-31.846-80.688-46.014-80.040-46.108-79.922 21.33 54.204 17.462 83.324 17.462 83.324s-37.792-102.998-137.712-135.768c-110.686-36.282-170.57-26.364-177.488-24.486-1.050-0.008-2.064-0.010-3.030-0.010 0.818 0.062 1.612 0.146 2.426 0.212-0.034 0.020-0.090 0.042-0.082 0.052 0.45 0.548 122.306 21.302 143.916 50.996 0 0-51.76 0-103.272 14.842-2.328 0.666 189.524 23.964 228.746 215.674 0 0-21.030-43.876-47.040-51.328 17.106 52.036 12.714 150.776-3.576 199.85-2.096 6.312-4.24-27.282-36.328-41.75 10.28 73.646-0.616 190.456-51.708 222.632-3.982 2.504 32.030-115.31 7.242-69.762-142.708 218.802-311.404 100.972-387.248 49.11 38.866 8.462 112.654-1.318 145.314-25.612 0.042-0.030 0.078-0.056 0.118-0.086 35.468-24.252 56.472-41.964 75.334-37.772 18.874 4.214 31.438-14.726 16.78-31.53-14.676-16.838-50.314-39.978-98.524-27.366-34 8.904-76.134 46.522-140.448 8.432-49.364-29.25-54.012-53.546-54.45-70.376 1.218-5.966 2.754-11.536 4.576-16.624 5.682-15.87 22.912-20.658 32.494-24.438 16.256 2.792 30.262 7.862 44.968 15.406 0.19-4.894 0.252-11.39-0.018-18.76 1.41-2.802 0.538-11.252-1.722-21.58-1.302-10.308-3.42-20.974-6.752-30.692 0.012-0.002 0.020-0.010 0.030-0.014 0.056-0.018 0.108-0.040 0.156-0.070 0.078-0.044 0.146-0.112 0.208-0.19 0.012-0.020 0.030-0.034 0.044-0.052 0.082-0.124 0.154-0.272 0.198-0.466 1.020-4.618 12.022-13.524 25.718-23.1 12.272-8.58 26.702-17.696 38.068-24.752 10.060-6.248 17.72-10.882 19.346-12.098 0.618-0.466 1.358-1.012 2.164-1.636 0.15-0.116 0.3-0.232 0.454-0.354 0.094-0.074 0.19-0.148 0.286-0.226 5.41-4.308 13.484-12.448 15.178-29.578 0.004-0.042 0.010-0.080 0.012-0.122 0.050-0.504 0.092-1.014 0.13-1.534 0.028-0.362 0.050-0.726 0.072-1.096 0.014-0.284 0.032-0.566 0.044-0.856 0.030-0.674 0.050-1.364 0.060-2.064 0-0.040 0.002-0.076 0.004-0.116 0.022-1.658-0.006-3.386-0.104-5.202-0.054-1.014-0.126-1.93-0.298-2.762-0.008-0.044-0.018-0.092-0.028-0.136-0.018-0.082-0.036-0.164-0.058-0.244-0.036-0.146-0.076-0.292-0.122-0.43-0.006-0.018-0.010-0.032-0.016-0.046-0.052-0.16-0.112-0.314-0.174-0.464-0.004-0.006-0.004-0.010-0.006-0.016-1.754-4.108-8.32-5.658-35.442-6.118-0.026-0.002-0.050-0.002-0.076-0.002v0c-11.066-0.188-25.538-0.194-44.502-0.118-33.25 0.134-51.628-32.504-57.494-45.132 8.040-44.46 31.276-76.142 69.45-97.626 0.722-0.406 0.58-0.742-0.274-0.978 7.464-4.514-90.246-0.124-135.186 57.036-39.888-9.914-74.654-9.246-104.616-2.214-5.754-0.162-12.924-0.88-21.434-2.652-19.924-18.056-48.448-51.402-49.976-91.208 0 0-0.092 0.072-0.252 0.204-0.020-0.382-0.056-0.76-0.072-1.142 0 0-60.716 46.664-51.628 173.882-0.022 2.036-0.064 3.986-0.12 5.874-16.432 22.288-24.586 41.020-25.192 45.156-14.56 29.644-29.334 74.254-41.356 141.98 0 0 8.408-26.666 25.284-56.866-12.412 38.022-22.164 97.156-16.436 185.856 0 0 1.514-19.666 6.874-47.994 4.186 55.010 22.518 122.924 68.858 202.788 88.948 153.32 225.67 230.74 376.792 242.616 26.836 2.212 54.050 2.264 81.424 0.186 2.516-0.178 5.032-0.364 7.55-0.574 30.964-2.174 62.134-6.852 93.238-14.366 425.172-102.798 378.942-616.198 378.942-616.198z"
        ],
        "attrs": [],
        "isMulticolor": false,
        "isMulticolor2": false,
        "tags": [
          "firefox",
          "browser",
          "internet",
          "brand"
        ],
        "defaultCode": 60122,
        "grid": 16
      },
      "attrs": [],
      "properties": {
        "ligatures": "firefox, browser2",
        "name": "firefox",
        "id": 474,
        "order": 108,
        "prevSize": 32,
        "code": 60122
      },
      "setIdx": 0,
      "setId": 6,
      "iconIdx": 474
    },
    {
      "icon": {
        "paths": [
          "M734.202 628.83h236.050c1.82-16.37 2.548-33.098 2.548-50.196 0-80.224-21.534-155.468-59.124-220.266 38.88-103.308 37.492-190.988-14.556-243.39-49.496-49.28-182.29-41.28-332.412 25.198-11.104-0.84-22.318-1.272-33.638-1.272-206.048 0-378.926 141.794-426.708 332.85 64.638-82.754 132.638-142.754 223.478-186.448-8.26 7.74-56.454 55.652-64.56 63.764-239.548 239.478-315.090 552.306-233.806 633.604 61.786 61.774 173.758 51.342 302.376-11.648 59.806 30.458 127.5 47.63 199.218 47.63 193.134 0 356.804-124.316 416.090-297.448h-237.868c-32.734 60.382-96.748 101.48-170.218 101.48-73.468 0-137.484-41.098-170.216-101.48-14.55-27.274-22.914-58.554-22.914-91.656v-0.722h386.26zM348.302 512.804c5.456-97.11 86.2-174.584 184.766-174.584s179.312 77.472 184.766 174.584h-369.532zM896.966 163.808c33.526 33.88 32.688 96.214 4.012 174.022-49.136-74.908-120.518-133.936-204.792-167.64 90.106-38.638 163.406-43.756 200.78-6.382zM93.482 967.256c-42.782-42.796-29.884-132.618 25.23-240.832 34.308 96.27 101.156 177.090 187.336 229.154-95.43 43.318-173.536 50.674-212.566 11.678z"
        ],
        "attrs": [],
        "isMulticolor": false,
        "isMulticolor2": false,
        "tags": [
          "IE",
          "browser",
          "internet-explorer",
          "brand"
        ],
        "defaultCode": 60123,
        "grid": 16
      },
      "attrs": [],
      "properties": {
        "ligatures": "IE, browser3",
        "name": "IE",
        "id": 475,
        "order": 107,
        "prevSize": 32,
        "code": 60123
      },
      "setIdx": 0,
      "setId": 6,
      "iconIdx": 475
    },
    {
      "icon": {
        "paths": [
          "M15.4 454.6c30-236.8 191.6-451.6 481.2-454.6 174.8 3.4 318.6 82.6 404.2 233.6 43 78.8 56.4 161.6 59.2 253v107.4h-642.6c3 265 390 256 556.6 139.2v215.8c-97.6 58.6-319 111-490.4 43.6-146-54.8-250-207.6-249.4-354.6-4.8-190.6 94.8-316.8 249.4-388.6-32.8 40.6-57.8 85.4-70.8 163h362.8c0 0 21.2-216.8-205.4-216.8-213.6 7.4-367.6 131.6-454.8 259v0z"
        ],
        "attrs": [],
        "isMulticolor": false,
        "isMulticolor2": false,
        "tags": [
          "edge",
          "browser",
          "brand"
        ],
        "defaultCode": 60124,
        "grid": 16
      },
      "attrs": [],
      "properties": {
        "name": "edge",
        "ligatures": "edge, browser4",
        "id": 476,
        "order": 111,
        "prevSize": 32,
        "code": 60124
      },
      "setIdx": 0,
      "setId": 6,
      "iconIdx": 476
    },
    {
      "icon": {
        "paths": [
          "M512 0c-282.8 0-512 229.2-512 512s229.2 512 512 512 512-229.2 512-512-229.2-512-512-512zM958.4 472.8l-1-10.6c0.2 3.6 0.6 7 1 10.6zM888.4 268.8l-7.2-10.8c2.4 3.6 4.8 7.2 7.2 10.8zM860.6 230.6l-4.4-5.4c1.6 1.8 3 3.6 4.4 5.4zM798.6 167.6l-5.4-4.4c2 1.6 3.6 3 5.4 4.4zM766 142.8l-10.8-7.2c3.6 2.4 7.2 4.8 10.8 7.2zM561.8 66.8l-10.8-1c3.6 0.2 7.2 0.6 10.8 1zM472.8 65.6l-10.8 1c3.6-0.2 7.2-0.6 10.8-1zM268.8 135.6l-10.8 7.2c3.6-2.4 7.2-4.8 10.8-7.2zM230.6 163.4l-5.2 4.2c1.8-1.4 3.4-2.8 5.2-4.2zM167.6 225.4l-4.4 5.4c1.6-1.8 3-3.6 4.4-5.4zM142.8 258l-7.2 10.8c2.4-3.6 4.8-7.2 7.2-10.8zM66.8 462.2l-1 10.8c0.2-3.6 0.6-7.2 1-10.8zM65.6 551.2l1 10.8c-0.2-3.6-0.6-7.2-1-10.8zM135.6 755l7.2 10.8c-2.4-3.4-4.8-7-7.2-10.8zM144 767.6l79.8-53.4-8.8-13.4-79.8 53.4c-36.2-56.2-60-120.8-68-190.4l47.8-4.8-1.6-16-47.8 4.8c-0.8-9.2-1.2-18.6-1.4-28h96v-16h-96c0.2-9.4 0.6-18.6 1.4-28l47.8 4.6 1.6-16-47.8-4.6c8-69.6 32-134.2 68.2-190.4l79.8 53.4 8.8-13.4-80-53c5.4-7.6 10.8-15.2 16.6-22.4l37 30.4 10.2-12.4-37-30.4c6-7.2 12.4-14 18.8-20.8l67.8 67.8 11.4-11.4-67.8-67.8c6.8-6.4 13.6-12.8 20.6-18.8l30.4 37.2 12.4-10.2-30.4-37c7.4-5.8 14.8-11.4 22.4-16.8l53.4 79.8 13.4-8.8-53.4-79.8c56.2-36.2 120.8-60 190.4-68l4.8 47.8 16-1.6-4.8-47.8c9.2-0.8 18.6-1.2 28-1.4v96h16v-96c9.4 0.2 18.6 0.6 28 1.4l-4.6 47.8 16 1.6 4.6-47.8c69.6 8 134.2 32 190.4 68.2l-53.4 79.8 13.4 8.8 53.4-79.8c7.6 5.4 15.2 10.8 22.4 16.6l-30.4 37 12.4 10.2 30.4-37c7.2 6 14 12.4 20.8 18.8l-25.6 25-350 233.4-233.4 350-25 25c-6.4-6.8-12.8-13.6-18.8-20.6l37-30.4-10.2-12.4-37 30.4c-5.8-7.2-11.2-14.8-16.6-22.4zM167.6 798.6c-1.4-1.8-2.8-3.4-4.2-5.2l4.2 5.2zM225.4 856.4l5.2 4.2c-1.8-1.4-3.4-2.8-5.2-4.2zM258 881l10.8 7.2c-3.6-2.2-7.2-4.6-10.8-7.2zM462.2 957.2l10.8 1c-3.6-0.2-7.2-0.6-10.8-1zM551.2 958.4l10.6-1c-3.6 0.2-7 0.6-10.6 1zM755.2 888.4l10.8-7.2c-3.6 2.4-7.2 4.8-10.8 7.2zM793.4 860.6l5.4-4.4c-1.8 1.6-3.6 3-5.4 4.4zM828.4 829.2l0.8-0.8c-0.2 0.2-0.6 0.6-0.8 0.8zM856.4 798.6l4.4-5.4c-1.6 1.8-3 3.6-4.4 5.4zM863.4 790l-37-30.4-10.2 12.4 37 30.4c-6 7.2-12.4 14-18.8 20.8l-67.8-67.8-11.4 11.4 67.8 67.8c-6.8 6.4-13.6 12.8-20.6 18.8l-30.4-37.2-12.4 10.2 30.4 37c-7.4 5.8-14.8 11.4-22.4 16.8l-53.4-79.8-13.4 8.8 53.4 79.8c-56.2 36.2-120.8 60-190.4 68l-4.8-47.8-16 1.6 4.8 47.8c-9.2 0.8-18.6 1.2-28 1.4v-96h-16v96c-9.4-0.2-18.6-0.6-28-1.4l4.6-47.8-16-1.6-4.6 47.8c-69.6-8-134.2-32-190.4-68.2l53.4-79.8-13.4-8.8-53 79.8c-7.6-5.4-15.2-10.8-22.4-16.6l30.4-37-12.4-10.2-30.4 37c-7.2-6-14-12.4-20.8-18.8l25.2-25 350-233.4 233.4-350 25-25c6.4 6.8 12.8 13.6 18.8 20.6l-37 30.4 10.2 12.4 37-30.4c5.8 7.4 11.4 14.8 16.8 22.4l-79.8 53.4 8.8 13.4 79.8-53.4c36.2 56.2 60 120.8 68 190.4l-47.8 4.8 1.6 16 47.8-4.8c0.8 9.2 1.2 18.6 1.4 28h-96v16h96c-0.2 9.4-0.6 18.6-1.4 28l-47.8-4.6-1.6 16 47.8 4.6c-8 69.6-32 134.2-68.2 190.4l-79.8-53.4-8.8 13.4 79.8 53.4c-5.2 7.2-10.8 14.6-16.6 22zM958.4 551c-0.4 3.6-0.6 7.2-1 10.8l1-10.8zM888.4 755.2c-2.4 3.6-4.8 7.2-7.2 10.8l7.2-10.8z",
          "M432.535 71.075l18.73 94.157-15.693 3.122-18.73-94.157 15.693-3.122z",
          "M591.656 952.95l-18.73-94.157 15.693-3.122 18.73 94.157-15.693 3.122z",
          "M389.628 80.89l13.939 45.931-15.31 4.646-13.939-45.931 15.31-4.646z",
          "M634.434 942.887l-13.939-45.931 15.31-4.646 13.939 45.931-15.31 4.646z",
          "M348.014 95.099l36.739 88.694-14.782 6.123-36.739-88.694 14.782-6.123z",
          "M676.123 928.965l-36.739-88.694 14.782-6.123 36.739 88.694-14.782 6.123z",
          "M293.62 120.659l14.11-7.544 22.632 42.331-14.11 7.544-22.632-42.331z",
          "M730.101 903.289l-14.11 7.544-22.632-42.331 14.11-7.544 22.632 42.331z",
          "M120.601 293.826l42.336 22.622-7.541 14.112-42.336-22.622 7.541-14.112z",
          "M903.244 730.195l-42.336-22.622 7.541-14.112 42.336 22.622-7.541 14.112z",
          "M183.811 384.623l-88.694-36.739 6.123-14.782 88.694 36.739-6.123 14.782z",
          "M840.32 639.301l88.694 36.739-6.123 14.782-88.694-36.739 6.123-14.782z",
          "M85.543 374.387l45.936 13.93-4.643 15.312-45.936-13.93 4.643-15.312z",
          "M938.308 649.667l-45.936-13.93 4.643-15.312 45.936 13.93-4.643 15.312z",
          "M74.069 416.782l94.157 18.73-3.122 15.693-94.157-18.73 3.122-15.693z",
          "M949.741 607.243l-94.157-18.73 3.122-15.693 94.157 18.73-3.122 15.693z",
          "M70.965 591.548l94.157-18.73 3.122 15.693-94.157 18.73-3.122-15.693z",
          "M952.842 432.427l-94.157 18.73-3.122-15.693 94.157-18.73 3.122 15.693z",
          "M80.974 634.514l45.931-13.939 4.646 15.31-45.931 13.939-4.646-15.31z",
          "M942.969 389.707l-45.931 13.939-4.646-15.31 45.931-13.939 4.646 15.31z",
          "M101.142 690.912l-6.123-14.782 88.694-36.739 6.123 14.782-88.694 36.739z",
          "M922.794 333.231l6.122 14.782-88.694 36.73-6.122-14.782 88.694-36.73z",
          "M120.824 730.267l-7.544-14.11 42.331-22.632 7.544 14.11-42.331 22.632z",
          "M903.455 293.785l7.544 14.11-42.331 22.632-7.544-14.11 42.331-22.632z",
          "M307.878 910.846l-14.11-7.542 22.627-42.331 14.11 7.542-22.627 42.331z",
          "M716.073 113.074l14.112 7.541-22.622 42.336-14.112-7.541 22.622-42.336z",
          "M333.267 922.799l36.739-88.694 14.782 6.123-36.739 88.694-14.782-6.123z",
          "M690.884 101.11l-36.739 88.694-14.782-6.123 36.739-88.694 14.782 6.123z",
          "M389.634 943.028l-15.31-4.645 13.934-45.931 15.31 4.645-13.934 45.931z",
          "M634.349 80.882l15.312 4.642-13.925 45.936-15.312-4.642 13.925-45.936z",
          "M432.472 952.839l-15.693-3.122 18.73-94.157 15.693 3.122-18.73 94.157z",
          "M591.536 70.969l15.693 3.122-18.73 94.157-15.693-3.122 18.73-94.157z"
        ],
        "attrs": [],
        "isMulticolor": false,
        "isMulticolor2": false,
        "tags": [
          "safari",
          "browser",
          "internet",
          "brand"
        ],
        "defaultCode": 60125,
        "grid": 16
      },
      "attrs": [],
      "properties": {
        "ligatures": "safari, browser5",
        "name": "safari",
        "id": 477,
        "order": 110,
        "prevSize": 32,
        "code": 60125
      },
      "setIdx": 0,
      "setId": 6,
      "iconIdx": 477
    },
    {
      "icon": {
        "paths": [
          "M1024 512v0 0c0 151.6-66 288-170.8 381.6-131.4 64-253.8 19.2-294.2-8.8 129-28.2 226.4-184.2 226.4-372.8s-97.4-344.6-226.4-373c40.6-28 163-72.8 294.2-8.8 104.8 93.8 170.8 230.2 170.8 381.8v0 0z",
          "M343.4 223.4c-56.6 66.8-93.2 165.6-95.6 276.6 0 0.2 0 23.8 0 24.2 2.4 110.8 39.2 209.6 95.8 276.4 73.4 95.4 182.6 155.8 304.6 155.8 75 0 145.2-22.8 205.2-62.6-90.8 81-210.4 130.2-341.4 130.2-8.2 0-16.4-0.2-24.4-0.6-271.4-12.8-487.6-236.8-487.6-511.4 0-282.8 229.2-512 512-512 0.6 0 1.2 0 2 0 130.4 0.4 249.2 49.6 339.4 130.4-60-39.8-130.2-62.8-205.2-62.8-122 0-231.2 60.4-304.8 155.8z"
        ],
        "attrs": [],
        "isMulticolor": false,
        "isMulticolor2": false,
        "tags": [
          "opera",
          "browser",
          "internet",
          "brand"
        ],
        "defaultCode": 60126,
        "grid": 16
      },
      "attrs": [],
      "properties": {
        "ligatures": "opera, browser6",
        "name": "opera",
        "id": 478,
        "order": 112,
        "prevSize": 32,
        "code": 60126
      },
      "setIdx": 0,
      "setId": 6,
      "iconIdx": 478
    },
    {
      "icon": {
        "paths": [
          "M832 896c-106.016 0-192-71.616-192-160s85.984-160 192-160c22.56 0 43.872 3.84 64 9.824v-297.824l-512 128v480h-3.872c-17.792 73.024-95.264 128-188.128 128-106.016 0-192-71.616-192-160s85.984-160 192-160c22.56 0 43.872 3.84 64 9.824v-553.824l640-160h128v736c0 88.384-85.984 160-192 160z"
        ],
        "attrs": [],
        "isMulticolor": false,
        "isMulticolor2": false,
        "tags": [
          "music",
          "song"
        ],
        "grid": 16
      },
      "attrs": [],
      "properties": {
        "id": 14,
        "order": 121,
        "prevSize": 32,
        "code": 59659,
        "name": "music2"
      },
      "setIdx": 1,
      "setId": 5,
      "iconIdx": 13
    },
    {
      "icon": {
        "paths": [
          "M965.536 241.344l-10.048 10.048-183.232-183.328 10.016-10.016c0 0 43.872-58.016 106.272-58.016 27.488 0 58.624 11.296 91.168 43.84 107.328 107.328-14.176 197.472-14.176 197.472zM895.328 311.584l-623.968 624.192-271.36 88.224 88.192-271.52v-0.096h0.064l623.872-624.16 8.064 8.096M88.32 935.648l135.584-39.008-92.608-98.624-42.976 137.632z"
        ],
        "attrs": [],
        "isMulticolor": false,
        "isMulticolor2": false,
        "tags": [
          "pencil",
          "write",
          "blog",
          "save",
          "note"
        ],
        "grid": 16
      },
      "attrs": [],
      "properties": {
        "id": 16,
        "order": 61,
        "prevSize": 32,
        "code": 59649,
        "name": "pencil2"
      },
      "setIdx": 1,
      "setId": 5,
      "iconIdx": 15
    },
    {
      "icon": {
        "paths": [
          "M928 0h-832c-17.664 0-32 14.336-32 32v960c0 17.696 14.336 32 32 32h832c17.696 0 32-14.304 32-32v-960c0-17.664-14.304-32-32-32zM160 896c-17.664 0-32-14.304-32-32s14.336-32 32-32 32 14.304 32 32-14.336 32-32 32zM160 768c-17.664 0-32-14.304-32-32s14.336-32 32-32 32 14.304 32 32-14.336 32-32 32zM160 640c-17.664 0-32-14.304-32-32s14.336-32 32-32 32 14.304 32 32-14.336 32-32 32zM160 512c-17.664 0-32-14.336-32-32s14.336-32 32-32 32 14.336 32 32-14.336 32-32 32zM160 384c-17.664 0-32-14.336-32-32s14.336-32 32-32 32 14.336 32 32-14.336 32-32 32zM160 256c-17.664 0-32-14.336-32-32s14.336-32 32-32 32 14.336 32 32-14.336 32-32 32zM160 128c-17.664 0-32-14.336-32-32s14.336-32 32-32 32 14.336 32 32-14.336 32-32 32zM768 928c0 17.696-14.304 32-32 32h-448c-17.664 0-32-14.304-32-32v-320c0-17.696 14.336-32 32-32h448c17.696 0 32 14.304 32 32v320zM768 480c0 17.664-14.304 32-32 32h-448c-17.664 0-32-14.336-32-32v-384c0-17.664 14.336-32 32-32h448c17.696 0 32 14.336 32 32v384zM864 896c-17.696 0-32-14.304-32-32s14.304-32 32-32 32 14.304 32 32-14.304 32-32 32zM864 768c-17.696 0-32-14.304-32-32s14.304-32 32-32 32 14.304 32 32-14.304 32-32 32zM864 640c-17.696 0-32-14.304-32-32s14.304-32 32-32 32 14.304 32 32-14.304 32-32 32zM864 512c-17.696 0-32-14.336-32-32s14.304-32 32-32 32 14.336 32 32-14.304 32-32 32zM864 384c-17.696 0-32-14.336-32-32s14.304-32 32-32 32 14.336 32 32-14.304 32-32 32zM864 256c-17.696 0-32-14.336-32-32s14.304-32 32-32 32 14.336 32 32-14.304 32-32 32zM864 128c-17.696 0-32-14.336-32-32s14.304-32 32-32 32 14.336 32 32-14.304 32-32 32z"
        ],
        "attrs": [],
        "isMulticolor": false,
        "isMulticolor2": false,
        "tags": [
          "film",
          "movies",
          "videos"
        ],
        "grid": 16
      },
      "attrs": [],
      "properties": {
        "id": 39,
        "order": 62,
        "prevSize": 32,
        "code": 59650,
        "name": "film2"
      },
      "setIdx": 1,
      "setId": 5,
      "iconIdx": 38
    },
    {
      "icon": {
        "paths": [
          "M799.424 310.976c11.936 11.936 31.296 11.936 43.2 0l169.056-133.088c28.128 88.448 8.256 188.864-61.92 259.040-66.944 66.976-161.472 88.064-246.848 65.536l-200.512 200.512c22.528 85.408 1.408 179.904-65.504 246.848-70.176 70.176-170.624 90.048-259.072 61.92l133.152-169.024c11.936-11.968 11.936-31.296 0-43.232l-86.4-86.368c-11.936-11.936-31.296-11.936-43.2 0l-169.056 133.088c-28.128-88.448-8.256-188.832 61.888-259.008 66.976-66.976 161.472-88.096 246.88-65.536l200.544-200.544c-22.56-85.376-1.44-179.904 65.472-246.848 70.176-70.176 170.624-90.048 259.104-61.952l-133.152 169.088c-11.904 11.904-11.904 31.264 0 43.168l86.368 86.4z"
        ],
        "attrs": [],
        "isMulticolor": false,
        "isMulticolor2": false,
        "tags": [
          "wrench",
          "settings",
          "options",
          "preferences"
        ],
        "grid": 16
      },
      "attrs": [],
      "properties": {
        "id": 48,
        "order": 57,
        "prevSize": 32,
        "code": 59651,
        "name": "wrench2"
      },
      "setIdx": 1,
      "setId": 5,
      "iconIdx": 47
    },
    {
      "icon": {
        "paths": [
          "M960 768c0 0-264 0-320 0s64 192 64 192c0 35.328-28.672 64-64 64h-256c-35.328 0-64-28.672-64-64 0 0 121.984-192 64-192s-320 0-320 0c-35.328 0-64-28.672-64-64v-640c0-35.328 28.672-64 64-64h896c35.328 0 64 28.672 64 64v640c0 35.328-28.672 64-64 64zM512 736c35.328 0 64-28.672 64-64s-28.672-64-64-64-64 28.672-64 64 28.672 64 64 64zM960 128c0-35.328-28.672-64-64-64h-768c-35.328 0-64 28.672-64 64v384c0 35.328 28.672 64 64 64h768c35.328 0 64-28.672 64-64v-384z"
        ],
        "attrs": [],
        "isMulticolor": false,
        "isMulticolor2": false,
        "tags": [
          "monitor",
          "screen",
          "desktop",
          "pc"
        ],
        "grid": 16
      },
      "attrs": [],
      "properties": {
        "id": 51,
        "order": 60,
        "prevSize": 32,
        "code": 59652,
        "name": "monitor"
      },
      "setIdx": 1,
      "setId": 5,
      "iconIdx": 50
    },
    {
      "icon": {
        "paths": [
          "M704 0h-384c-70.688 0-128 57.312-128 128v768c0 70.688 57.312 128 128 128h384c70.688 0 128-57.312 128-128v-768c0-70.688-57.312-128-128-128zM528 96h96c8.8 0 16 7.168 16 16s-7.2 16-16 16h-96c-8.832 0-16-7.168-16-16s7.168-16 16-16zM416 64c17.664 0 32 14.336 32 32s-14.336 32-32 32-32-14.336-32-32 14.336-32 32-32zM576 928c0 17.696-14.304 32-32 32h-64c-17.664 0-32-14.304-32-32v-64c0-17.696 14.336-32 32-32h64c17.696 0 32 14.304 32 32v64zM768 736c0 17.696-14.304 32-32 32h-448c-17.664 0-32-14.304-32-32v-512c0-17.664 14.336-32 32-32h448c17.696 0 32 14.336 32 32v512z"
        ],
        "attrs": [],
        "isMulticolor": false,
        "isMulticolor2": false,
        "tags": [
          "mobile",
          "phone",
          "cellular"
        ],
        "grid": 16
      },
      "attrs": [],
      "properties": {
        "id": 52,
        "order": 59,
        "prevSize": 32,
        "code": 59654,
        "name": "mobile3"
      },
      "setIdx": 1,
      "setId": 5,
      "iconIdx": 51
    },
    {
      "icon": {
        "paths": [
          "M1023.872 0.224l-874.912 545.152 331.712-0.256-480.544 478.656 958.816-610.24-329.92 0.224 394.848-413.536z"
        ],
        "attrs": [],
        "isMulticolor": false,
        "isMulticolor2": false,
        "tags": [
          "bolt",
          "power",
          "lightning"
        ],
        "grid": 16
      },
      "attrs": [],
      "properties": {
        "id": 76,
        "order": 63,
        "prevSize": 32,
        "code": 59655,
        "name": "bolt"
      },
      "setIdx": 1,
      "setId": 5,
      "iconIdx": 75
    },
    {
      "icon": {
        "paths": [
          "M512.448 706.624c-1.184 0-2.368 0-3.552 0-281.024 0-508.32-68.256-508.384-120.672l-0.512-205.856c0-0.32 0.128-0.608 0.128-0.864 46.272 21.952 100.64 32.064 133.152 38.112 101.024 18.784 234.464 29.152 375.616 29.152h3.552c142.048-0.16 276.256-10.784 378.016-29.888 32.544-6.112 86.72-16.288 133.024-38.112 0 0.096 0 0.288 0 0.288l0.544 205.856c0.064 52.64-228.896 121.6-511.584 121.984zM512.448 384.512c-1.184 0-2.368 0-3.552 0-281.024 0-508.32-62.272-508.384-114.688l-0.512-173.888c-0.096-52.608 228.992-95.584 511.68-95.936 1.248 0 2.432 0 3.68 0 280.928 0 508.064 42.24 508.128 94.656l0.544 173.888c0.064 52.608-228.896 115.584-511.584 115.968zM508.864 768.64h3.552c142.048-0.192 276.288-16.768 378.016-35.872 32.544-6.112 86.72-16.288 133.056-38.144l0.512 233.472c0.064 52.64-228.896 95.584-511.584 95.936-1.216 0-2.368 0-3.616 0-280.96 0-508.256-42.24-508.32-94.624l-0.48-234.080c46.272 21.984 100.672 32.096 133.248 38.144 101.024 18.816 234.432 35.168 375.616 35.168z"
        ],
        "attrs": [],
        "isMulticolor": false,
        "isMulticolor2": false,
        "tags": [
          "database"
        ],
        "grid": 16
      },
      "attrs": [],
      "properties": {
        "id": 102,
        "order": 58,
        "prevSize": 32,
        "code": 59656,
        "name": "database"
      },
      "setIdx": 1,
      "setId": 5,
      "iconIdx": 101
    },
    {
      "icon": {
        "paths": [
          "M608 448v-47.848c0-26.593-21.306-48.152-48-48.152-26.51 0-48 21.386-48 48.152v79.848h-32v-303.832c0-26.602-21.306-48.168-48-48.168-26.51 0-48 21.348-48 48.168v312.048c-64.334-70.184-148.749-146.785-184.134-111.209-34.789 34.977 49.818 131.421 175.002 342.057 14.735 24.793 30.491 47.588 47.874 67.736 42.812 65.738 116.959 109.2 201.258 109.2 132.548 0 240-107.452 240-240v-384.28c0-26.355-21.306-47.72-48-47.72-26.51 0-48 21.201-48 47.72v208.28h-32v-47.848c0-26.593-21.306-48.152-48-48.152-26.51 0-48 21.386-48 48.152v15.848h-32z"
        ],
        "attrs": [
          {}
        ],
        "isMulticolor": false,
        "isMulticolor2": false,
        "tags": [
          "rock-n-roll"
        ],
        "defaultCode": 59648,
        "grid": 0
      },
      "attrs": [
        {}
      ],
      "properties": {
        "order": 117,
        "id": 0,
        "name": "rock-n-roll2",
        "ligatures": "",
        "prevSize": 32,
        "code": 59657
      },
      "setIdx": 3,
      "setId": 3,
      "iconIdx": 0
    },
    {
      "icon": {
        "paths": [
          "M608 448v-47.848c0-26.593-21.306-48.152-48-48.152-26.51 0-48 21.386-48 48.152v79.848h-32v-303.832c0-26.602-21.306-48.168-48-48.168-26.51 0-48 21.348-48 48.168v312.048c-64.334-70.184-148.749-146.785-184.134-111.209-34.789 34.977 49.818 131.421 175.002 342.057 14.735 24.793 30.491 47.588 47.874 67.736 42.812 65.738 116.959 109.2 201.258 109.2 132.548 0 240-107.452 240-240v-384.28c0-26.355-21.306-47.72-48-47.72-26.51 0-48 21.201-48 47.72v208.28h-32v-47.848c0-26.593-21.306-48.152-48-48.152-26.51 0-48 21.386-48 48.152v15.848h-32z"
        ],
        "attrs": [
          {}
        ],
        "isMulticolor": false,
        "isMulticolor2": false,
        "tags": [
          "rock-n-roll"
        ],
        "grid": 32
      },
      "attrs": [
        {}
      ],
      "properties": {
        "order": 1,
        "id": 0,
        "prevSize": 32,
        "code": 59648,
        "name": "rock-n-roll"
      },
      "setIdx": 4,
      "setId": 2,
      "iconIdx": 0
    }
  ],
  "height": 1024,
  "metadata": {
    "name": "icomoon"
  },
  "preferences": {
    "showGlyphs": true,
    "showQuickUse": true,
    "showQuickUse2": true,
    "showSVGs": true,
    "fontPref": {
      "prefix": "icon-",
      "metadata": {
        "fontFamily": "icomoon",
        "majorVersion": 1,
        "minorVersion": 0
      },
      "metrics": {
        "emSize": 1024,
        "baseline": 6.25,
        "whitespace": 50
      },
      "embed": false,
      "showSelector": false,
      "showMetrics": false,
      "showMetadata": false,
      "showVersion": false,
      "includeMetadata": true,
      "ie7": true,
      "noie8": false
    },
    "imagePref": {
      "prefix": "icon-",
      "png": false,
      "useClassSelector": true,
      "color": 0,
      "bgColor": 16777215,
      "classSelector": ".icon",
      "height": 32,
      "columns": 16,
      "margin": 16,
      "sprite": true,
      "numPrefix": true
    },
    "historySize": 50,
    "showCodes": true,
    "gridSize": 16
  }
}