{"IcoMoonType":"selection","icons":[{"icon":{"paths":["M1024 192v640c0 36.267-27.733 64-64 64h-64v-580.821l-384 275.755-384-275.755v580.821h-64c-36.309 0-64-27.733-64-64v-640c0-18.133 6.912-34.133 18.389-45.568 11.477-11.605 27.52-18.432 45.611-18.432h21.333l426.667 309.333 426.667-309.333h21.333c18.133 0 34.133 6.912 45.611 18.432 11.52 11.435 18.389 27.435 18.389 45.568z"],"attrs":[{"fill":"rgb(209, 72, 54)"}],"isMulticolor":false,"isMulticolor2":false,"tags":["gmail"],"grid":0},"attrs":[{"fill":"rgb(209, 72, 54)"}],"properties":{"order":149,"id":1,"prevSize":32,"code":59648,"name":"gmail"},"setIdx":0,"setId":8,"iconIdx":0}],"height":1024,"metadata":{"name":"icomoon"},"preferences":{"showGlyphs":true,"showQuickUse":true,"showQuickUse2":true,"showSVGs":true,"fontPref":{"prefix":"icon-","metadata":{"fontFamily":"icomoon","majorVersion":1,"minorVersion":0},"metrics":{"emSize":1024,"baseline":6.25,"whitespace":50},"embed":false,"showSelector":false,"showMetrics":false,"showMetadata":false,"showVersion":false,"includeMetadata":true,"ie7":true,"noie8":false,"autoHost":true},"imagePref":{"prefix":"icon-","png":false,"useClassSelector":true,"color":0,"bgColor":16777215,"classSelector":".icon","height":32,"columns":16,"margin":16,"sprite":true,"numPrefix":true},"historySize":50,"showCodes":true,"gridSize":16,"quickUsageToken":{"UntitledProject":"NzNhY2FiYTkwNTljMjU2YWQ1ZWNiZjQ1YjI4N2Y3NzAjMSMxNTQxMDE1MTk3IyMj"}}}